time,latitude,longitude,depth,mag,magType,nst,gap,dmin,rms,net,id,updated,place,type,horizontalError,depthError,magError,magNst,status,locationSource,magSource
2020-04-17T14:30:29.410Z,33.5098333,-116.5033333,14.85,0.82,ml,17,93,0.05286,0.22,ci,ci39393528,2020-04-17T14:34:09.746Z,"17km ESE of Anza, CA",earthquake,0.47,0.78,0.235,12,automatic,ci,ci
2020-04-17T14:28:47.380Z,19.1863327,-155.4564972,35.67,1.89,md,42,156,0.07363,0.11,hv,hv71478292,2020-04-17T14:32:07.480Z,"3km SE of Pahala, Hawaii",earthquake,0.57,0.82,0.21,6,automatic,hv,hv
2020-04-17T14:25:49.780Z,35.6215,-117.4371667,8.98,1.59,ml,19,121,0.1131,0.18,ci,ci39393520,2020-04-17T14:36:49.960Z,"16km S of Searles Valley, CA",earthquake,0.38,1.15,0.162,21,automatic,ci,ci
2020-04-17T14:25:41.520Z,35.8561667,-117.6481667,7.94,0.65,ml,9,109,0.05763,0.14,ci,ci39393512,2020-04-17T14:29:08.711Z,"24km WNW of Searles Valley, CA",earthquake,0.67,1.28,0.09,5,automatic,ci,ci
2020-04-17T14:24:19.910Z,33.326,-116.5728333,8.92,0.77,ml,14,93,0.02724,0.37,ci,ci39393504,2020-04-17T14:28:21.065Z,"8km NE of Warner Springs, CA",earthquake,1.08,2.48,0.127,17,automatic,ci,ci
2020-04-17T14:24:12.100Z,33.1383333,-116.2893333,11.39,1.45,ml,19,251,0.2649,0.35,ci,ci39393496,2020-04-17T14:28:08.698Z,"15km W of Ocotillo Wells, CA",earthquake,3.09,14.34,0.342,4,automatic,ci,ci
2020-04-17T14:23:46.540Z,33.4946667,-116.4935,9.05,1.31,ml,45,60,0.07006,0.19,ci,ci39393488,2020-04-17T14:34:44.200Z,"18km ESE of Anza, CA",earthquake,0.21,0.52,0.193,26,automatic,ci,ci
2020-04-17T14:21:25.450Z,34.3338333,-116.7768333,3.9,1.62,ml,44,73,0.04422,0.17,ci,ci39393480,2020-04-17T14:32:22.660Z,"10km NE of Big Bear City, CA",earthquake,0.26,0.64,0.177,30,automatic,ci,ci
2020-04-17T14:16:48.220Z,37.4785004,-118.8408356,-0.42,1.33,md,5,197,0.1592,0.03,nc,nc73372140,2020-04-17T14:37:03.482Z,"17km WSW of Toms Place, CA",earthquake,0.69,6.49,0.07,4,automatic,nc,nc
2020-04-17T14:15:27.670Z,33.508,-116.5238333,9.93,0.57,ml,24,54,0.04973,0.17,ci,ci39393464,2020-04-17T14:19:12.544Z,"15km ESE of Anza, CA",earthquake,0.27,0.48,0.175,17,automatic,ci,ci
2020-04-17T13:55:35.340Z,44.5286667,-115.2415,11.42,3.16,ml,12,82,0.439,0.23,mb,mb80407059,2020-04-17T14:42:36.670Z,"63km E of Cascade, Idaho",earthquake,0.51,1.03,0.253,18,reviewed,mb,mb
2020-04-17T13:43:57.830Z,33.9991667,-116.4076667,7.42,1.23,ml,42,50,0.05835,0.18,ci,ci39393440,2020-04-17T13:55:12.220Z,"10km ENE of Desert Hot Springs, CA",earthquake,0.29,0.64,0.198,27,automatic,ci,ci
2020-04-17T13:42:36.783Z,61.4958,-150.3057,46.2,1,ml,,,,0.78,ak,ak0204yu1739,2020-04-17T13:53:26.144Z,"18km W of Big Lake, Alaska",earthquake,,0.8,,,automatic,ak,ak
2020-04-17T13:37:55.470Z,33.4926667,-116.511,9.47,1.68,ml,62,31,0.06679,0.2,ci,ci39393416,2020-04-17T13:49:08.120Z,"17km ESE of Anza, CA",earthquake,0.19,0.39,0.116,27,automatic,ci,ci
2020-04-17T13:35:18.100Z,38.0322,-118.736,5.4,1.2,ml,8,171.42,0.292,0.12,nn,nn00722826,2020-04-17T14:19:50.124Z,"47km NNE of Mammoth Lakes, California",earthquake,,12.9,,,automatic,nn,nn
2020-04-17T13:34:23.460Z,37.6333351,-118.8776703,-2.24,0.56,md,7,135,0.01848,0.05,nc,nc73372120,2020-04-17T13:36:01.289Z,"9km E of Mammoth Lakes, CA",earthquake,0.36,0.5,0.23,7,automatic,nc,nc
2020-04-17T13:29:59.640Z,33.5915,-116.6146667,13.57,0.56,ml,21,94,0.01694,0.19,ci,ci39393392,2020-04-17T13:33:47.878Z,"7km NE of Anza, CA",earthquake,0.48,0.66,0.215,14,automatic,ci,ci
2020-04-17T13:15:59.800Z,63.2,-150.4289,117,1.2,ml,,,,0.34,ak,ak0204ytvjw3,2020-04-17T13:21:29.325Z,"77km WSW of Cantwell, Alaska",earthquake,,0.8,,,automatic,ak,ak
2020-04-17T13:11:28.670Z,36.5823326,-121.1760025,4.71,2.31,md,20,130,0.01303,0.06,nc,nc73372115,2020-04-17T13:31:06.069Z,"6km NNW of Pinnacles, CA",earthquake,0.34,0.65,0.18,21,automatic,nc,nc
2020-04-17T13:10:39.760Z,33.4966667,-116.5056667,8.33,0.54,ml,28,52,0.06426,0.18,ci,ci39393376,2020-04-17T13:14:24.724Z,"17km ESE of Anza, CA",earthquake,0.24,0.58,0.13,15,automatic,ci,ci
2020-04-17T13:10:27.379Z,46.7811,152.4436,69.72,4.4,mb,,185,6.641,0.57,us,us70008ygy,2020-04-17T14:06:52.040Z,"Kuril Islands",earthquake,10.5,7.2,0.091,35,reviewed,us,us
2020-04-17T13:09:23.850Z,33.4996667,-116.4981667,12.94,0.61,ml,22,59,0.06387,0.14,ci,ci39393368,2020-04-17T13:13:32.134Z,"17km ESE of Anza, CA",earthquake,0.31,0.52,0.12,14,automatic,ci,ci
2020-04-17T13:01:13.540Z,19.0363,-67.6731,12,3.38,md,15,229,0.6801,0.39,pr,pr2020108012,2020-04-17T13:25:19.040Z,"74km NW of San Antonio, Puerto Rico",earthquake,2.07,3.03,0.1,7,reviewed,pr,pr
2020-04-17T12:43:57.361Z,36.9133,71.1676,98.22,4.2,mb,,65,1.96,0.9,us,us70008ygd,2020-04-17T13:06:15.040Z,"30km E of Jarm, Afghanistan",earthquake,7.3,7.5,0.136,15,reviewed,us,us
2020-04-17T12:37:19.530Z,38.071,-118.764,5.6,1.4,ml,9,163.88,0.274,0.1,nn,nn00722825,2020-04-17T13:38:10.281Z,"45km ESE of Bridgeport, California",earthquake,,11.8,,,automatic,nn,nn
2020-04-17T12:34:50.280Z,38.0888,-118.7927,5.8,1.4,ml,8,171.71,0.281,0.1,nn,nn00722824,2020-04-17T12:39:29.855Z,"42km ESE of Bridgeport, California",earthquake,,11.5,,,automatic,nn,nn
2020-04-17T12:34:41.375Z,62.2952,-150.2598,10.4,0.9,ml,,,,0.45,ak,ak0204yte24p,2020-04-17T12:37:30.299Z,"8km WSW of Talkeetna, Alaska",earthquake,,0.3,,,automatic,ak,ak
2020-04-17T12:28:52.203Z,52.7086,-34.5226,10,4.5,mb,,143,18.508,0.59,us,us70008ygj,2020-04-17T13:47:03.040Z,"Reykjanes Ridge",earthquake,14.4,1.9,0.069,61,reviewed,us,us
2020-04-17T12:27:18.350Z,38.4665,-112.8013333,4.37,0.66,md,12,99,0.04778,0.12,uu,uu60379237,2020-04-17T14:22:56.690Z,"19km ENE of Milford, Utah",earthquake,0.53,0.93,0.325,3,reviewed,uu,uu
2020-04-17T12:24:40.650Z,38.0245,-118.7847,6.9,1.2,ml,8,112.47,0.321,0.13,nn,nn00722823,2020-04-17T12:28:20.076Z,"44km NNE of Mammoth Lakes, California",earthquake,,13.4,,,automatic,nn,nn
2020-04-17T12:21:09.710Z,35.6831667,-117.5253333,11.21,0.63,ml,13,153,0.1447,0.15,ci,ci39393304,2020-04-17T13:13:45.369Z,"14km SW of Searles Valley, CA",earthquake,0.4,0.65,0.041,8,reviewed,ci,ci
2020-04-17T12:16:51.609Z,44.3029,-115.1023,10,3,ml,,65,0.306,0.73,us,us70008yfn,2020-04-17T14:33:09.680Z,"72km WSW of Challis, Idaho",earthquake,2.9,2,0.045,66,reviewed,us,us
2020-04-17T12:10:39.613Z,61.5252,-149.8906,41.1,0.8,ml,,,,0.28,ak,ak0204yt8wt5,2020-04-17T12:23:17.011Z,"3km E of Big Lake, Alaska",earthquake,,0.8,,,automatic,ak,ak
2020-04-17T12:05:07.388Z,52.7638,-34.6781,10,5,mb,,84,11.19,0.55,us,us70008yfh,2020-04-17T12:24:55.040Z,"Reykjanes Ridge",earthquake,8.1,1.8,0.024,580,reviewed,us,us
2020-04-17T12:00:11.602Z,60.5132,-151.5125,64.2,0.6,ml,,,,0.28,ak,ak0204yt6phk,2020-04-17T12:03:11.662Z,"14km WSW of Kenai, Alaska",earthquake,,1.3,,,automatic,ak,ak
2020-04-17T11:44:04.600Z,17.9255,-66.9231,10,2.78,md,14,205,0.1288,0.17,pr,pr2020108011,2020-04-17T12:02:59.480Z,"5km SSW of Guanica, Puerto Rico",earthquake,0.55,0.64,0.13,9,reviewed,pr,pr
2020-04-17T11:34:54.330Z,33.4925,-116.5005,8.25,0.44,ml,25,59,0.06966,0.18,ci,ci39393280,2020-04-17T11:38:39.082Z,"18km ESE of Anza, CA",earthquake,0.28,0.75,0.201,12,automatic,ci,ci
2020-04-17T11:26:47.670Z,33.4916667,-116.4996667,8.77,0.29,ml,20,60,0.07068,0.12,ci,ci39393272,2020-04-17T11:30:31.935Z,"18km ESE of Anza, CA",earthquake,0.22,0.57,0.156,8,automatic,ci,ci
2020-04-17T11:23:55.428Z,62.8866,-151.0963,119.6,1,ml,,,,0.3,ak,ak0204ysqaqe,2020-04-17T11:27:33.639Z,"80km NW of Talkeetna, Alaska",earthquake,,1.3,,,automatic,ak,ak
2020-04-17T11:22:59.650Z,33.4931667,-116.5066667,8.79,0.95,ml,36,58,0.06731,0.18,ci,ci39393264,2020-04-17T13:14:48.130Z,"17km ESE of Anza, CA",earthquake,0.22,0.54,0.172,25,reviewed,ci,ci
2020-04-17T11:19:54.306Z,62.2392,-151.4832,74.5,1.3,ml,,,,0.67,ak,ak0204yspfsc,2020-04-17T11:31:25.367Z,"71km W of Talkeetna, Alaska",earthquake,,0.7,,,automatic,ak,ak
2020-04-17T11:19:25.080Z,33.4891667,-116.516,9.05,2.57,ml,85,28,0.0693,0.2,ci,ci39393256,2020-04-17T13:06:57.955Z,"16km ESE of Anza, CA",earthquake,0.16,0.41,0.183,26,automatic,ci,ci
2020-04-17T11:19:06.010Z,38.0551682,-118.7261658,2.78,2.23,md,11,169,0.2622,0.03,nc,nc73372075,2020-04-17T11:54:03.472Z,"30km SE of Bodie, CA",earthquake,1.41,6.85,0.15,6,automatic,nc,nc
2020-04-17T11:13:15.040Z,35.8233333,-117.6226667,8.72,0.78,ml,12,102,0.0218,0.2,ci,ci39393248,2020-04-17T13:14:44.840Z,"21km WNW of Searles Valley, CA",earthquake,0.73,0.9,0.11,8,reviewed,ci,ci
2020-04-17T11:06:49.470Z,35.9073333,-117.739,9.38,0.54,ml,11,70,0.07642,0.06,ci,ci39393240,2020-04-17T13:15:01.565Z,"15km ESE of Little Lake, CA",earthquake,0.2,0.69,0.232,4,reviewed,ci,ci
2020-04-17T10:50:53.362Z,52.0065,179.2614,164,4,mb,,85,0.63,0.78,us,us70008yey,2020-04-17T14:35:35.040Z,"24km WNW of Semisopochnoi Island, Alaska",earthquake,9.3,8.2,0.053,94,reviewed,us,us
2020-04-17T10:46:18.420Z,35.7885,-117.5793333,11.16,0.85,ml,10,152,0.03094,0.11,ci,ci39393232,2020-04-17T13:15:02.663Z,"16km W of Searles Valley, CA",earthquake,0.43,0.45,0.211,10,reviewed,ci,ci
2020-04-17T10:40:10.980Z,63.1107,-150.8749,129.1,1.9,ml,,,,0.31,ak,ak0204ys8eul,2020-04-17T10:49:16.559Z,"96km NNW of Talkeetna, Alaska",earthquake,,0.8,,,automatic,ak,ak
2020-04-17T10:38:37.250Z,48.5856,153.2089,141.36,4.2,mb,,120,5.346,0.54,us,us70008yde,2020-04-17T11:48:32.040Z,"Kuril Islands",earthquake,10.9,3.9,0.054,97,reviewed,us,us
2020-04-17T10:31:00.606Z,63.3828,-151.3395,0,1.4,ml,,,,0.97,ak,ak0204ys6go0,2020-04-17T10:40:13.237Z,"119km W of Cantwell, Alaska",earthquake,,0.3,,,automatic,ak,ak
2020-04-17T10:29:41.530Z,40.7763333,-112.098,9.49,1.45,ml,29,39,0.02732,0.18,uu,uu60379217,2020-04-17T14:42:02.190Z,"7km N of Magna, Utah",earthquake,0.33,0.57,0.158,6,reviewed,uu,uu
2020-04-17T10:29:27.800Z,19.1879997,-155.4669952,34.71,1.9,md,45,151,0.06724,0.1,hv,hv71478127,2020-04-17T10:32:40.210Z,"2km SE of Pahala, Hawaii",earthquake,0.47,0.72,0.08,6,automatic,hv,hv
2020-04-17T10:17:21.190Z,36.2616667,-118.0233333,-0.34,1.63,ml,19,86,0.1837,0.19,ci,ci39393224,2020-04-17T13:15:26.379Z,"3km SW of Olancha, CA",earthquake,0.42,31.61,0.115,21,reviewed,ci,ci
2020-04-17T10:13:57.740Z,60.7564,-151.8366,75.8,1.3,ml,,,,0.56,ak,ak0204ys2q5a,2020-04-17T10:22:28.035Z,"30km WNW of Nikiski, Alaska",earthquake,,0.6,,,automatic,ak,ak
2020-04-17T10:13:39.740Z,38.0383339,-118.80233,8.03,3.21,ml,37,100,0.2988,0.06,nc,nc73372055,2020-04-17T11:58:51.040Z,"27km SE of Bodie, CA",earthquake,0.31,1.74,0.316,24,automatic,nc,nc
2020-04-17T09:54:40.090Z,19.1973324,-155.4681702,34.47,1.88,ml,53,142,0.04209,0.12,hv,hv71478107,2020-04-17T10:00:14.130Z,"1km SE of Pahala, Hawaii",earthquake,0.44,0.7,5.17,3,automatic,hv,hv
2020-04-17T09:51:43.069Z,59.4325,-153.0102,70.9,1.3,ml,,,,0.48,ak,ak0204yrpema,2020-04-17T09:56:00.831Z,"76km WSW of Anchor Point, Alaska",earthquake,,0.6,,,automatic,ak,ak
2020-04-17T09:48:38.128Z,60.5293,-147.0693,56.8,1.3,ml,,,,0.81,ak,ak0204yror3z,2020-04-17T10:01:12.181Z,"72km W of Cordova, Alaska",earthquake,,1.6,,,automatic,ak,ak
2020-04-17T09:44:42.910Z,33.4978333,-116.5073333,9.19,0.46,ml,10,90,0.06271,0.06,ci,ci39393208,2020-04-17T09:48:28.368Z,"17km ESE of Anza, CA",earthquake,0.23,0.6,0.316,6,automatic,ci,ci
2020-04-17T09:31:19.635Z,60.0867,-159.0321,0,1.3,ml,,,,0.81,ak,ak0204yrl2gj,2020-04-17T09:35:55.518Z,"121km NNW of Dillingham, Alaska",earthquake,,0.4,,,automatic,ak,ak
2020-04-17T09:23:19.320Z,36.53166667,-98.982,7.33,1.31,ml,30,127,0.04949028832,0.19,ok,ok2020hofk,2020-04-17T12:57:16.165Z,"22km ENE of Mooreland, Oklahoma",earthquake,,0.4,0.15,10,reviewed,ok,ok
2020-04-17T09:13:45.937Z,61.8902,-151.0157,54.3,1.7,ml,,,,0.57,ak,ak0204yrh9mu,2020-04-17T09:19:01.285Z,"53km WNW of Willow, Alaska",earthquake,,0.9,,,automatic,ak,ak
2020-04-17T09:13:24.840Z,17.984,-66.9878,6,2.54,md,18,164,0.0583,0.16,pr,pr2020108009,2020-04-17T09:35:53.590Z,"6km E of La Parguera, Puerto Rico",earthquake,0.34,0.25,0.48,15,reviewed,pr,pr
2020-04-17T09:11:29.330Z,38.0578346,-118.7525024,2.69,1.97,md,18,180,0.2746,0.05,nc,nc73372040,2020-04-17T10:32:02.950Z,"28km SE of Bodie, CA",earthquake,0.92,9.19,0.24,16,automatic,nc,nc
2020-04-17T09:08:33.350Z,36.6875,-97.68283333,5,1.71,ml,69,92,0.2114585046,0.23,ok,ok2020hoex,2020-04-17T12:52:48.230Z,"14km SSE of Medford, Oklahoma",earthquake,,0.6,0.23,26,reviewed,ok,ok
2020-04-17T09:02:31.856Z,66.31,-157.4465,0,1.3,ml,,,,0.63,ak,ak0204yrevn7,2020-04-17T09:11:09.019Z,"71km SSW of Kobuk, Alaska",earthquake,,0.5,,,automatic,ak,ak
2020-04-17T09:01:03.930Z,36.20483333,-96.96616667,6.49,1,ml,43,60,0.09718092979,0.16,ok,ok2020hoer,2020-04-17T14:12:42.529Z,"12km NE of Stillwater, Oklahoma",earthquake,,0.4,0.21,7,reviewed,ok,ok
2020-04-17T08:58:06.273Z,61.5106,-149.9052,30.5,1.8,ml,,,,0.65,ak,ak0204yr5e6x,2020-04-17T09:03:27.003Z,"2km ESE of Big Lake, Alaska",earthquake,,0.2,,,automatic,ak,ak
2020-04-17T08:51:03.560Z,63.6451,-149.1323,0,2.2,ml,,,,0.9,ak,ak0204yr3vvs,2020-04-17T09:03:26.487Z,"24km SSW of Healy, Alaska",earthquake,,0.4,,,automatic,ak,ak
2020-04-17T08:46:13.279Z,36.3675,-97.74166667,7.18,1.79,ml,81,35,0,0.27,ok,ok2020hoee,2020-04-17T12:46:37.326Z,"12km ESE of Enid, Oklahoma",earthquake,,0.6,0.2,33,reviewed,ok,ok
2020-04-17T08:45:09.700Z,35.681,-117.5075,11.29,0.56,ml,7,159,0.1531,0.14,ci,ci39393200,2020-04-17T08:48:46.331Z,"13km SW of Searles Valley, CA",earthquake,0.66,1.36,0.128,8,automatic,ci,ci
2020-04-17T08:38:46.230Z,33.4965,-116.4916667,7.91,1.42,ml,50,61,0.06914,0.22,ci,ci39393192,2020-04-17T13:16:54.720Z,"18km ESE of Anza, CA",earthquake,0.22,0.63,0.201,27,reviewed,ci,ci
2020-04-17T08:37:38.126Z,61.3771,-150.1031,29.5,1.5,ml,,,,0.55,ak,ak0204yr0ylv,2020-04-17T08:40:48.260Z,"17km SSW of Big Lake, Alaska",earthquake,,0.4,,,automatic,ak,ak
2020-04-17T08:36:21.450Z,19.055,-67.7068,49,3.41,md,13,222,0.8366,0.7,pr,pr2020108008,2020-04-17T12:14:24.040Z,"82km NW of San Antonio, Puerto Rico",earthquake,4.63,15.82,0.13,12,reviewed,pr,pr
2020-04-17T08:32:16.302Z,60.32,-151.6497,30,1,ml,,,,0.46,ak,ak0204yqzuce,2020-04-17T08:35:36.854Z,"19km WSW of Cohoe, Alaska",earthquake,,0.4,,,automatic,ak,ak
2020-04-17T08:31:06.920Z,19.0996,-67.7696,10,3.37,md,14,320,0.7719,0.65,pr,pr2020108010,2020-04-17T09:56:50.291Z,"72km NW of San Antonio, Puerto Rico",earthquake,3.51,31.61,0.11,9,reviewed,pr,pr
2020-04-17T08:28:02.370Z,38.072,-118.8003,6.2,1.5,ml,12,121.11,0.297,0.1,nn,nn00722812,2020-04-17T08:31:38.303Z,"42km ESE of Bridgeport, California",earthquake,,11.8,,,automatic,nn,nn
2020-04-17T08:27:18.530Z,19.0983,-67.8196,23,3.4,md,20,313,0.7909,0.34,pr,pr2020108007,2020-04-17T12:09:18.040Z,"75km NW of San Antonio, Puerto Rico",earthquake,1.56,27.04,0.14,19,reviewed,pr,pr
2020-04-17T08:15:45.695Z,-15.4572,-72.1389,111.63,4.2,mb,,146,3.316,1.22,us,us70008yae,2020-04-17T08:45:53.040Z,"30km SE of Orcopampa, Peru",earthquake,11.4,8.1,0.159,11,reviewed,us,us
2020-04-17T08:06:47.163Z,60.787,-140.0146,1.4,1.3,ml,,,,0.81,ak,ak0204yquc3u,2020-04-17T08:11:51.971Z,"136km W of Haines Junction, Canada",earthquake,,0.3,,,automatic,ak,ak
2020-04-17T07:52:10.430Z,38.0528336,-118.7174988,2.94,2.18,md,6,190,0.2595,0.04,nc,nc73372005,2020-04-17T09:28:02.539Z,"31km SE of Bodie, CA",earthquake,2.09,9.08,0.03,3,automatic,nc,nc
2020-04-17T07:50:57.197Z,62.1116,-150.8501,74.4,1.2,ml,,,,0.21,ak,ak0204yqics2,2020-04-17T07:55:58.076Z,"45km WSW of Talkeetna, Alaska",earthquake,,2.1,,,automatic,ak,ak
2020-04-17T07:47:05.820Z,36.5063,-116.9735,4,0.2,ml,8,188.16,0.211,0.12,nn,nn00722811,2020-04-17T08:31:30.469Z,"48km SSW of Beatty, Nevada",earthquake,,1.6,,,automatic,nn,nn
2020-04-17T07:46:59.430Z,33.5886667,-116.812,5.52,0.86,ml,39,46,0.0403,0.15,ci,ci39393184,2020-04-17T13:20:00.880Z,"13km WNW of Anza, CA",earthquake,0.19,0.65,0.117,27,reviewed,ci,ci
2020-04-17T07:40:52.220Z,35.7531667,-117.5535,9.89,1.05,ml,21,79,0.07197,0.19,ci,ci39393176,2020-04-17T13:20:05.320Z,"14km W of Searles Valley, CA",earthquake,0.49,0.82,0.217,12,reviewed,ci,ci
2020-04-17T07:39:11.160Z,19.2304993,-155.4436646,31.78,1.91,md,43,114,0.04417,0.15,hv,hv71478007,2020-04-17T07:42:37.480Z,"4km NE of Pahala, Hawaii",earthquake,0.53,0.72,0.15,12,automatic,hv,hv
2020-04-17T07:37:59.771Z,61.1867,-150.3239,24.3,1,ml,,,,0.39,ak,ak0204yqfko9,2020-04-17T07:40:53.971Z,"23km W of Anchorage, Alaska",earthquake,,0.5,,,automatic,ak,ak
2020-04-17T07:30:18.564Z,65.0415,-148.6595,48.1,0.7,ml,,,,0.87,ak,ak0204yqdzhw,2020-04-17T07:43:34.885Z,"37km NW of Ester, Alaska",earthquake,,1.2,,,automatic,ak,ak
2020-04-17T07:26:28.170Z,33.5928333,-116.8083333,5.09,0.45,ml,26,61,0.03693,0.2,ci,ci39393168,2020-04-17T07:30:14.477Z,"13km WNW of Anza, CA",earthquake,0.31,1.05,0.225,14,automatic,ci,ci
2020-04-17T07:23:20.630Z,35.6755,-117.5521667,6.06,1.11,ml,19,142,0.1447,0.13,ci,ci39393160,2020-04-17T13:19:54.940Z,"13km ENE of Ridgecrest, CA",earthquake,0.32,1.36,0.184,14,reviewed,ci,ci
2020-04-17T07:22:49.990Z,33.5076667,-116.504,10.91,0.48,ml,16,58,0.05458,0.09,ci,ci39393152,2020-04-17T07:26:35.451Z,"17km ESE of Anza, CA",earthquake,0.22,0.43,0.187,6,automatic,ci,ci
2020-04-17T07:18:57.450Z,33.5008333,-116.4975,10.66,0.41,ml,22,60,0.06307,0.14,ci,ci39393144,2020-04-17T13:20:57.537Z,"17km ESE of Anza, CA",earthquake,0.24,0.42,0.195,9,reviewed,ci,ci
2020-04-17T07:16:48.220Z,33.4963333,-116.4868333,8.15,0.5,ml,19,62,0.07129,0.18,ci,ci39393136,2020-04-17T13:21:13.910Z,"18km ESE of Anza, CA",earthquake,0.28,0.83,0.115,12,reviewed,ci,ci
2020-04-17T07:15:24.044Z,44.3418,-115.1371,10,3,ml,,30,0.314,0.74,us,us70008y9l,2020-04-17T14:42:26.251Z,"74km WSW of Challis, Idaho",earthquake,1.6,2,0.042,74,reviewed,us,us
2020-04-17T07:15:18.490Z,34.3426667,-116.922,3.67,0.73,ml,11,101,0.07841,0.2,ci,ci39393128,2020-04-17T13:21:36.417Z,"11km N of Big Bear Lake, CA",earthquake,0.55,1.16,0.105,10,reviewed,ci,ci
2020-04-17T07:03:39.519Z,61.5848,-149.5407,44.2,1.2,ml,,,,0.79,ak,ak0204yq88np,2020-04-17T07:07:56.860Z,"5km W of Wasilla, Alaska",earthquake,,0.5,,,automatic,ak,ak
2020-04-17T07:02:49.432Z,64.6494,-149.6264,22.4,0.9,ml,,,,0.39,ak,ak0204yq81tb,2020-04-17T07:06:16.102Z,"25km WNW of North Nenana, Alaska",earthquake,,0.5,,,automatic,ak,ak
2020-04-17T06:59:24.000Z,33.4961667,-116.4826667,8.51,0.75,ml,26,63,0.07329,0.18,ci,ci39393120,2020-04-17T07:03:08.315Z,"19km ESE of Anza, CA",earthquake,0.24,0.65,0.123,17,automatic,ci,ci
2020-04-17T06:58:12.300Z,33.4976667,-116.4848333,9.04,0.74,ml,28,96,0.07105,0.16,ci,ci39393112,2020-04-17T13:22:13.070Z,"19km ESE of Anza, CA",earthquake,0.22,0.54,0.14,20,reviewed,ci,ci
2020-04-17T06:52:49.040Z,38.0513344,-118.7628326,1.02,2.98,ml,42,106,0.285,0.06,nc,nc73371980,2020-04-17T08:49:56.040Z,"28km SE of Bodie, CA",earthquake,0.26,4.24,0.371,18,automatic,nc,nc
2020-04-17T06:48:31.800Z,33.5,-116.5226667,10.24,0.31,ml,14,86,0.05777,0.16,ci,ci39393088,2020-04-17T06:52:15.245Z,"15km ESE of Anza, CA",earthquake,0.37,0.9,0.238,7,automatic,ci,ci
2020-04-17T06:46:56.140Z,38.03,-118.7187,7.2,1.4,ml,8,89.71,0.273,0.08,nn,nn00722804,2020-04-17T06:53:29.545Z,"47km NNE of Mammoth Lakes, California",earthquake,,10.5,,,automatic,nn,nn
2020-04-17T06:45:17.201Z,60.7596,-137.8509,15.9,1,ml,,,,0.29,ak,ak0204ypvrig,2020-04-17T06:46:52.266Z,"18km W of Haines Junction, Canada",earthquake,,0.3,,,automatic,ak,ak
2020-04-17T06:32:35.414Z,66.3097,-157.029,0,1,ml,,,,0.59,ak,ak0204ypt0ly,2020-04-17T06:45:11.572Z,"66km S of Kobuk, Alaska",earthquake,,0.5,,,automatic,ak,ak
2020-04-17T06:26:57.889Z,-6.1486,151.6143,24.5,4.7,mb,,153,2.02,0.97,us,us70008y8x,2020-04-17T06:49:37.040Z,"175km ESE of Kimbe, Papua New Guinea",earthquake,11.2,6.6,0.108,26,reviewed,us,us
2020-04-17T06:21:35.153Z,60.742,-151.3864,69.3,1.4,ml,,,,0.6,ak,ak0204ypqnpn,2020-04-17T06:26:27.502Z,"7km NW of Nikiski, Alaska",earthquake,,1.1,,,automatic,ak,ak
2020-04-17T06:19:42.460Z,33.4986667,-116.4911667,6.06,0.13,ml,16,64,0.06746,0.28,ci,ci39393080,2020-04-17T06:23:28.068Z,"18km ESE of Anza, CA",earthquake,0.52,1.87,0.216,6,automatic,ci,ci
2020-04-17T06:18:49.110Z,17.9363,-66.9255,10,2.87,md,17,217,0.1233,0.13,pr,pr2020108006,2020-04-17T07:00:10.566Z,"4km SSW of Guanica, Puerto Rico",earthquake,0.42,0.48,0.32,12,reviewed,pr,pr
2020-04-17T06:16:43.986Z,-38.9744,176.3005,72.95,4.1,mwr,,93,0.242,0.81,us,us70008y8c,2020-04-17T06:52:08.535Z,"31km E of Turangi, New Zealand",earthquake,5.8,7.9,0.073,18,reviewed,us,us
2020-04-17T06:15:52.270Z,38.044,-118.7112,6,1.3,ml,9,89.57,0.266,0.13,nn,nn00722801,2020-04-17T06:26:29.586Z,"49km NNE of Mammoth Lakes, California",earthquake,,14,,,automatic,nn,nn
2020-04-17T06:14:22.660Z,32.7346667,-117.185,4.64,0.77,ml,14,258,0.2789,0.2,ci,ci39393072,2020-04-17T06:17:51.033Z,"5km N of Coronado, CA",earthquake,1.39,5.08,0.1,3,automatic,ci,ci
2020-04-17T06:12:42.500Z,34.3426667,-117.7198333,6.2,1.07,ml,23,59,0.05222,0.13,ci,ci39393064,2020-04-17T13:22:25.425Z,"8km WSW of Wrightwood, CA",earthquake,0.21,0.47,0.179,28,reviewed,ci,ci
2020-04-17T05:52:42.731Z,44.5601,-115.2683,10,2.8,ml,,39,0.463,0.66,us,us70008y7u,2020-04-17T06:24:59.040Z,"61km E of Cascade, Idaho",earthquake,2,2,0.048,57,reviewed,us,us
2020-04-17T05:52:39.839Z,61.688,-146.4018,35.3,1.1,ml,,,,0.69,ak,ak0204ypbvnz,2020-04-17T05:59:31.890Z,"62km N of Valdez, Alaska",earthquake,,1.1,,,automatic,ak,ak
2020-04-17T05:44:04.720Z,38.0621681,-118.7356644,6.56,3.67,mw,36,110,0.2622,0.08,nc,nc73371960,2020-04-17T07:45:20.861Z,"29km SE of Bodie, CA",earthquake,0.32,2.13,,4,reviewed,nc,nc
2020-04-17T05:36:48.262Z,44.4696,141.2182,232.72,4,mb,,73,1.047,1.06,us,us70008y7m,2020-04-17T05:54:47.040Z,"68km NNW of Rumoi, Japan",earthquake,10.2,8,0.089,34,reviewed,us,us
2020-04-17T05:28:16.539Z,36.52583333,-98.9895,8,1.25,ml,21,142,0.04769064147,0.04,ok,ok2020hnxq,2020-04-17T14:19:39.812Z,"21km ENE of Mooreland, Oklahoma",earthquake,,0.1,0.19,7,reviewed,ok,ok
2020-04-17T05:26:55.050Z,34.0078333,-117.1703333,12.22,0.63,ml,20,47,0.1158,0.24,ci,ci39393024,2020-04-17T05:30:33.217Z,"5km SSE of Redlands, CA",earthquake,0.39,1.32,0.15,20,automatic,ci,ci
2020-04-17T05:23:43.840Z,19.1948338,-155.4571686,34.6,2.12,ml,51,114,0.03949,0.12,hv,hv71477867,2020-04-17T05:29:16.850Z,"2km ESE of Pahala, Hawaii",earthquake,0.52,0.67,3.75,10,automatic,hv,hv
2020-04-17T05:21:53.670Z,36.0093333,-117.812,0.6,0.79,ml,7,84,0.02691,0.1,ci,ci39393016,2020-04-17T05:25:35.679Z,"12km NE of Little Lake, CA",earthquake,0.31,0.59,0.278,7,automatic,ci,ci
2020-04-17T05:18:56.180Z,35.877,-117.6711667,12.93,0.47,ml,7,94,0.07273,0.12,ci,ci39393008,2020-04-17T05:22:30.657Z,"22km ESE of Little Lake, CA",earthquake,0.46,1.11,0.121,4,automatic,ci,ci
2020-04-17T05:17:35.098Z,67.5885,-148.0716,249.7,2.4,ml,,,,0.87,ak,ak0204yp4d8l,2020-04-17T05:28:35.494Z,"97km ENE of Coldfoot, Alaska",earthquake,,23.2,,,automatic,ak,ak
2020-04-17T05:17:02.390Z,17.955,-66.8475,11,2.52,md,14,193,0.1972,0.21,pr,pr2020108005,2020-04-17T06:00:25.740Z,"5km SW of Indios, Puerto Rico",earthquake,0.67,0.55,0.47,12,reviewed,pr,pr
2020-04-17T05:14:01.930Z,38.0903,-119.4303,15.5,2.6,ml,7,232.49,0.982,0.13,nn,nn00722797,2020-04-17T05:45:29.902Z,"25km SW of Bridgeport, California",earthquake,,11.5,,,automatic,nn,nn
2020-04-17T05:13:33.690Z,35.8745,-117.692,6.43,0.91,ml,13,77,0.08066,0.05,ci,ci39393000,2020-04-17T13:23:10.428Z,"20km ESE of Little Lake, CA",earthquake,0.19,0.52,0.104,11,reviewed,ci,ci
2020-04-17T05:11:10.470Z,36.4995,-116.9373,7,0.5,ml,8,176.14,0.204,0.14,nn,nn00722796,2020-04-17T05:17:09.845Z,"48km SSW of Beatty, Nevada",earthquake,,14.3,,,automatic,nn,nn
2020-04-17T05:10:52.020Z,60.0583,-139.3482,0,1.6,ml,,,,0.7,ak,ak0204yp2wgt,2020-04-17T05:14:52.484Z,"60km NNE of Yakutat, Alaska",earthquake,,0.5,,,automatic,ak,ak
2020-04-17T05:06:32.631Z,51.9482,179.7288,137.82,4.8,mb,,114,0.631,0.98,us,us70008y6d,2020-04-17T05:21:50.040Z,"8km E of Semisopochnoi Island, Alaska",earthquake,9.5,7.4,0.089,39,reviewed,us,us
2020-04-17T05:06:02.384Z,61.497,-149.872,32.9,1.1,ml,,,,0.68,ak,ak0204yp1xtx,2020-04-17T05:11:10.488Z,"5km ESE of Big Lake, Alaska",earthquake,,0.2,,,automatic,ak,ak
2020-04-17T05:04:57.600Z,19.2194996,-155.418335,32.88,2.12,ml,43,143,0.02661,0.15,hv,hv71477837,2020-04-17T05:10:31.450Z,"6km ENE of Pahala, Hawaii",earthquake,0.67,0.67,0.21,3,automatic,hv,hv
2020-04-17T04:55:59.020Z,33.4915,-116.5215,5.34,1.11,ml,49,54,0.0663,0.18,ci,ci39392920,2020-04-17T05:06:59.060Z,"16km ESE of Anza, CA",earthquake,0.23,0.54,0.188,25,automatic,ci,ci
2020-04-17T04:53:38.561Z,62.2589,-150.4194,63.7,1.1,ml,,,,0.61,ak,ak0204yoqnog,2020-04-17T05:00:16.966Z,"17km WSW of Talkeetna, Alaska",earthquake,,0.9,,,automatic,ak,ak
2020-04-17T04:49:45.019Z,9.074,-74.3168,47.44,4.4,mb,,65,4.201,0.99,us,us70008y5u,2020-04-17T05:11:34.831Z,"10km SSW of Margarita, Colombia",earthquake,8.4,11,0.12,20,reviewed,us,us
2020-04-17T04:45:42.554Z,62.3354,-149.6308,36.1,1.9,ml,,,,0.79,ak,ak0204yooy8z,2020-04-17T04:58:36.119Z,"22km NNE of Y, Alaska",earthquake,,1.6,,,automatic,ak,ak
2020-04-17T04:45:37.480Z,33.4871667,-116.4331667,13.4,0.78,ml,27,77,0.1077,0.17,ci,ci39392912,2020-04-17T04:49:15.458Z,"23km SSW of La Quinta, CA",earthquake,0.28,0.66,0.158,20,automatic,ci,ci
2020-04-17T04:43:39.940Z,33.4898333,-116.4396667,13.85,0.32,ml,12,132,0.09858,0.15,ci,ci37442485,2020-04-17T14:31:37.726Z,"23km SSW of La Quinta, CA",earthquake,0.53,1.05,0.208,8,reviewed,ci,ci
2020-04-17T04:43:35.250Z,33.4853333,-116.444,14.61,0.62,ml,27,74,0.1267,0.15,ci,ci39392904,2020-04-17T14:26:03.019Z,"23km ESE of Anza, CA",earthquake,0.27,0.43,0.182,12,reviewed,ci,ci
2020-04-17T04:39:17.110Z,36.9986649,-121.1956635,2.86,1.61,md,11,114,0.07371,0.04,nc,nc73371945,2020-04-17T05:02:02.856Z,"25km NE of Hollister, CA",earthquake,0.26,2.88,0.23,8,automatic,nc,nc
2020-04-17T04:34:05.960Z,46.2523333,-112.0558333,6.58,1.38,ml,16,111,0.406,0.18,mb,mb80406759,2020-04-17T14:01:21.580Z,"5km ENE of Boulder, Montana",earthquake,0.55,4.16,0.143,7,reviewed,mb,mb
2020-04-17T04:33:19.540Z,33.4461667,-116.438,12.28,0.35,ml,16,134,0.1355,0.25,ci,ci39392896,2020-04-17T04:37:00.350Z,"22km NNW of Borrego Springs, CA",earthquake,0.72,1.93,0.209,4,automatic,ci,ci
2020-04-17T04:31:06.790Z,38.7949982,-122.7774963,0.37,1.24,md,8,83,0.01901,0.21,nc,nc73371940,2020-04-17T05:48:02.144Z,"3km NW of The Geysers, CA",earthquake,0.77,1.2,0.1,9,automatic,nc,nc
2020-04-17T04:29:50.074Z,58.8668,-152.7521,44.5,1.5,ml,,,,0.41,ak,ak0204yoljef,2020-04-17T04:33:39.078Z,"110km SW of Homer, Alaska",earthquake,,1.5,,,automatic,ak,ak
2020-04-17T04:28:35.220Z,33.987,-116.986,14.42,0.82,ml,25,99,0.0656,0.16,ci,ci39392888,2020-04-17T04:32:23.687Z,"6km E of Calimesa, CA",earthquake,0.29,0.65,0.105,23,automatic,ci,ci
2020-04-17T04:27:48.160Z,17.9378,-66.8776,12,2.3,md,14,204,0.1696,0.18,pr,pr2020108004,2020-04-17T05:02:37.962Z,"4km SE of Guanica, Puerto Rico",earthquake,0.72,0.51,0.25,11,reviewed,pr,pr
2020-04-17T04:26:31.880Z,36.1263333,-117.8708333,2.45,1.64,ml,22,57,0.01561,0.16,ci,ci39392880,2020-04-17T04:37:45.390Z,"11km NE of Coso Junction, CA",earthquake,0.3,0.33,0.158,25,automatic,ci,ci
2020-04-17T04:25:01.738Z,65.164,-162.9383,0,1.7,ml,,,,1.41,ak,ak0204yokku2,2020-04-17T04:37:20.271Z,"138km ENE of Nome, Alaska",earthquake,,0.5,,,automatic,ak,ak
2020-04-17T04:11:49.360Z,17.9476,-66.8046,13,2.84,md,15,200,0.22,0.18,pr,pr2020108002,2020-04-17T04:34:08.977Z,"5km SSE of Indios, Puerto Rico",earthquake,0.74,0.58,0.02,4,reviewed,pr,pr
2020-04-17T04:03:55.500Z,17.8688,-66.847,10,2.64,md,18,217,0.2214,0.31,pr,pr2020108003,2020-04-17T04:40:43.601Z,"12km SSE of Maria Antonia, Puerto Rico",earthquake,0.93,1.05,0.46,11,reviewed,pr,pr
2020-04-17T03:59:36.560Z,38.5988333,-112.6321667,4.77,1.96,ml,14,62,0.1453,0.09,uu,uu60379132,2020-04-17T14:37:23.470Z,"35km N of Beaver, Utah",earthquake,0.39,0.56,0.192,4,reviewed,uu,uu
2020-04-17T03:54:23.120Z,35.9085,-117.6968333,2.23,0.31,ml,7,93,0.05447,0.07,ci,ci39392856,2020-04-17T03:57:56.044Z,"19km E of Little Lake, CA",earthquake,0.17,0.72,0.041,3,automatic,ci,ci
2020-04-17T03:51:03.050Z,46.2638333,-112.048,6.31,2.08,ml,23,113,0.403,0.15,mb,mb80406734,2020-04-17T14:13:14.570Z,"6km ENE of Boulder, Montana",earthquake,0.4,0.77,0.182,12,reviewed,mb,mb
2020-04-17T03:38:47.390Z,35.6451667,-117.4388333,10.15,1.48,ml,23,96,0.1344,0.18,ci,ci39392840,2020-04-17T03:42:38.971Z,"14km SSW of Searles Valley, CA",earthquake,0.45,0.88,0.173,21,automatic,ci,ci
2020-04-17T03:36:16.480Z,38.0542,-118.7363,5.7,1.6,ml,8,167.5,0.275,0.11,nn,nn00722793,2020-04-17T03:40:29.064Z,"48km ESE of Bridgeport, California",earthquake,,12.4,,,automatic,nn,nn
2020-04-17T03:34:02.840Z,36.1661667,-118.0793333,2.03,1.5,ml,17,86,0.1881,0.2,ci,ci39392832,2020-04-17T03:37:48.941Z,"14km SSW of Olancha, CA",earthquake,0.38,1.46,0.171,18,automatic,ci,ci
2020-04-17T03:33:37.276Z,55.9801,-153.3973,21.6,2.8,ml,,,,0.59,ak,ak0204yo0xnj,2020-04-17T03:50:25.040Z,"146km E of Chirikof Island, Alaska",earthquake,,0.6,,,automatic,ak,ak
2020-04-17T03:28:22.711Z,59.062,-152.9438,53.5,1.2,ml,,,,0.31,ak,ak0204ynzty4,2020-04-17T03:32:36.114Z,"101km SW of Anchor Point, Alaska",earthquake,,2.7,,,automatic,ak,ak
2020-04-17T03:28:10.360Z,33.594,-116.7413333,6.55,0.44,ml,10,120,0.09641,0.12,ci,ci39392824,2020-04-17T03:31:56.907Z,"8km NW of Anza, CA",earthquake,0.44,1.59,0.255,8,automatic,ci,ci
2020-04-17T03:25:40.070Z,19.1938324,-155.4160004,32.29,2,md,44,165,0.04683,0.12,hv,hv71477787,2020-04-17T03:28:47.030Z,"6km E of Pahala, Hawaii",earthquake,0.57,0.77,0.14,12,automatic,hv,hv
2020-04-17T03:15:10.832Z,63.1533,-149.9487,80.2,1.1,ml,,,,0.92,ak,ak0204ynx0qa,2020-04-17T03:19:42.923Z,"56km WSW of Cantwell, Alaska",earthquake,,0.8,,,automatic,ak,ak
2020-04-17T03:09:50.640Z,36.850666,-121.6054993,7.78,1.24,md,7,195,0.05478,0.06,nc,nc73371925,2020-04-17T03:27:04.285Z,"5km SE of Aromas, CA",earthquake,0.8,1.31,0.07,7,automatic,nc,nc
2020-04-17T02:59:22.800Z,40.7386667,-112.0631667,10.13,2.1,ml,36,33,0.01871,0.16,uu,uu60379107,2020-04-17T14:29:52.039Z,"4km NE of Magna, Utah",earthquake,0.27,0.42,0.133,11,reviewed,uu,uu
2020-04-17T02:57:24.979Z,63.3832,-149.7364,8.6,1.2,ml,,,,0.91,ak,ak0204ynkma0,2020-04-17T03:06:19.551Z,"39km W of Cantwell, Alaska",earthquake,,0.3,,,automatic,ak,ak
2020-04-17T02:54:42.799Z,61.0103,-151.597,77.4,0.8,ml,,,,0.11,ak,ak0204ynk0kb,2020-04-17T03:00:19.522Z,"39km NNW of Nikiski, Alaska",earthquake,,1.6,,,automatic,ak,ak
2020-04-17T02:54:39.110Z,33.4893333,-116.5003333,8.81,0.42,ml,16,76,0.07265,0.24,ci,ci39392800,2020-04-17T02:58:20.343Z,"18km ESE of Anza, CA",earthquake,0.68,1,0.075,7,automatic,ci,ci
2020-04-17T02:41:44.010Z,32.6581667,-115.7993333,8,1.61,ml,21,167,0.06217,0.25,ci,ci39392792,2020-04-17T02:45:42.594Z,"20km ESE of Ocotillo, CA",earthquake,0.64,1.06,0.26,26,automatic,ci,ci
2020-04-17T02:39:01.059Z,46.2352,150.6151,64.01,4.6,mb,,172,5.462,0.8,us,us70008y36,2020-04-17T02:59:05.040Z,"239km ENE of Kuril'sk, Russia",earthquake,5.1,9.1,0.039,200,reviewed,us,us
2020-04-17T02:37:23.436Z,56.002,-153.4288,13,3.4,ml,,,,0.86,ak,ak0204yngbq3,2020-04-17T02:49:04.040Z,"144km E of Chirikof Island, Alaska",earthquake,,0.7,,,automatic,ak,ak
2020-04-17T02:31:12.390Z,33.5035,-116.5155,8.75,0.59,ml,23,83,0.05539,0.15,ci,ci39392784,2020-04-17T02:34:57.430Z,"16km ESE of Anza, CA",earthquake,0.28,0.54,0.2,15,automatic,ci,ci
2020-04-17T02:30:23.830Z,33.5196667,-116.5195,10.41,0.59,ml,18,84,0.03894,0.33,ci,ci39392776,2020-04-17T02:34:10.536Z,"15km ESE of Anza, CA",earthquake,0.66,1.08,0.197,11,automatic,ci,ci
2020-04-17T02:28:52.620Z,35.7843333,-117.619,9.01,2.01,ml,29,68,0.03588,0.14,ci,ci39392768,2020-04-17T02:32:39.181Z,"19km NNE of Ridgecrest, CA",earthquake,0.22,0.52,0.129,24,automatic,ci,ci
2020-04-17T02:28:27.326Z,59.8821,-151.162,44.7,1,ml,,,,0.24,ak,ak0204yneep8,2020-04-17T02:30:43.996Z,"17km NNE of Fritz Creek, Alaska",earthquake,,1.2,,,automatic,ak,ak
2020-04-17T02:25:06.170Z,35.7988333,-117.6275,10.61,1.36,ml,17,87,0.02965,0.14,ci,ci39392760,2020-04-17T13:29:57.469Z,"20km NNE of Ridgecrest, CA",earthquake,0.32,0.49,0.149,19,reviewed,ci,ci
2020-04-17T02:23:31.120Z,33.5155,-116.5176667,8.99,0.39,ml,13,85,0.04334,0.16,ci,ci39392744,2020-04-17T02:27:05.439Z,"15km ESE of Anza, CA",earthquake,0.37,0.73,0.064,5,automatic,ci,ci
2020-04-17T02:21:24.440Z,44.2799,-115.0033,10,2.8,ml,,66,0.354,0.7,us,us70008y2t,2020-04-17T02:42:14.040Z,"66km WSW of Challis, Idaho",earthquake,2.5,2,0.045,64,reviewed,us,us
2020-04-17T02:20:32.430Z,38.0704994,-118.7389984,16.61,2.49,md,25,121,0.2581,0.06,nc,nc73371915,2020-04-17T07:49:48.361Z,"29km ESE of Bodie, CA",earthquake,0.37,1.57,0.14,23,automatic,nc,nc
2020-04-17T02:15:49.000Z,35.7846667,-117.629,8.18,1.03,ml,17,87,0.04021,0.19,ci,ci39392736,2020-04-17T02:19:32.324Z,"19km NNE of Ridgecrest, CA",earthquake,0.39,0.77,0.144,13,automatic,ci,ci
2020-04-17T02:14:56.590Z,32.7246667,-115.9376667,7.16,1.02,ml,12,87,0.07802,0.18,ci,ci39392728,2020-04-17T02:18:31.549Z,"5km ESE of Ocotillo, CA",earthquake,0.39,1.23,0.256,10,automatic,ci,ci
2020-04-17T02:14:17.700Z,19.1898327,-155.4673309,34.53,1.96,ml,49,98,0.03459,0.13,hv,hv71477747,2020-04-17T02:19:49.320Z,"2km SE of Pahala, Hawaii",earthquake,0.51,0.7,4.89,5,automatic,hv,hv
2020-04-17T02:10:31.646Z,66.3324,-157.4043,4.8,1.3,ml,,,,0.46,ak,ak0204ynak4s,2020-04-17T02:18:31.376Z,"68km SSW of Kobuk, Alaska",earthquake,,0.4,,,automatic,ak,ak
2020-04-17T01:59:43.120Z,33.5056667,-116.525,8.33,0.48,ml,20,54,0.05194,0.16,ci,ci39392712,2020-04-17T02:03:17.186Z,"15km ESE of Anza, CA",earthquake,0.28,0.63,0.184,13,automatic,ci,ci
2020-04-17T01:53:55.880Z,17.9456,-66.8588,10,2.59,md,18,199,0.1869,0.15,pr,pr2020108001,2020-04-17T02:44:14.325Z,"4km SE of Maria Antonia, Puerto Rico",earthquake,0.48,0.65,0.36,15,reviewed,pr,pr
2020-04-17T01:34:52.960Z,33.5025,-116.5228333,8.92,0.41,ml,20,65,0.05528,0.15,ci,ci39392664,2020-04-17T03:22:18.256Z,"15km ESE of Anza, CA",earthquake,0.25,0.53,0.15,8,reviewed,ci,ci
2020-04-17T01:11:43.610Z,38.0673332,-118.7751694,2.71,2.28,md,22,136,0.2813,0.08,nc,nc73371905,2020-04-17T09:14:18.398Z,"26km SE of Bodie, CA",earthquake,0.45,9.46,0.27,19,automatic,nc,nc
2020-04-17T01:10:38.647Z,55.9407,-153.4071,18.5,3.1,ml,,,,0.79,ak,ak0204ymp51u,2020-04-17T01:22:20.564Z,"145km E of Chirikof Island, Alaska",earthquake,,1.5,,,automatic,ak,ak
2020-04-17T01:09:18.920Z,33.4965,-116.4863333,7.74,1.13,ml,47,46,0.07137,0.21,ci,ci39392632,2020-04-17T01:19:58.050Z,"18km ESE of Anza, CA",earthquake,0.23,0.6,0.233,28,automatic,ci,ci
2020-04-17T01:08:39.395Z,62.1513,-147.7366,30.7,1.3,ml,,,,0.82,ak,ak0204ymopp1,2020-04-17T01:16:08.554Z,"70km NE of Sutton-Alpine, Alaska",earthquake,,0.2,,,automatic,ak,ak
2020-04-17T00:44:14.261Z,56.9646,-153.2844,0,2.3,ml,,,,0.85,ak,ak0204ymaxxu,2020-04-17T00:47:01.752Z,"76km SSE of Larsen Bay, Alaska",earthquake,,1.1,,,automatic,ak,ak
2020-04-17T00:43:54.786Z,55.4356,-153.3101,10,3,ml,,219,1.367,1.12,us,us70008y1s,2020-04-17T01:05:09.040Z,"151km ESE of Chirikof Island, Alaska",earthquake,6.8,2,0.057,40,reviewed,us,us
2020-04-17T00:34:30.720Z,35.863,-117.6516667,12.18,0.67,ml,9,108,0.0645,0.08,ci,ci39392600,2020-04-17T13:30:42.472Z,"24km ESE of Little Lake, CA",earthquake,0.28,0.6,0.1,5,reviewed,ci,ci
2020-04-17T00:34:19.180Z,60.3956,-150.8109,46.9,2.5,ml,,,,0.43,ak,ak0204ym8t5k,2020-04-17T01:16:13.040Z,"15km S of Sterling, Alaska",earthquake,,1,,,automatic,ak,ak
2020-04-17T00:34:10.760Z,18.9673,-67.6655,3,2.05,ml,20,215,0.6119,0.52,pr,pr2020108000,2020-04-17T08:36:31.421Z,"84km NNW of San Antonio, Puerto Rico",earthquake,2.2,1.95,0,0,reviewed,pr,pr
2020-04-17T00:30:06.208Z,36.3494,70.6608,159.32,4.7,mb,,76,2.149,0.8,us,us70008y1j,2020-04-17T00:51:44.040Z,"36km NNW of `Alaqahdari-ye Kiran wa Munjan, Afghanistan",earthquake,6.8,10.2,0.225,6,reviewed,us,us
2020-04-17T00:25:53.601Z,36.842,-115.9217,7.2,0.3,ml,24,212.52,0.083,0.1743,nn,nn00722771,2020-04-17T00:51:03.558Z,"70km N of Pahrump, Nevada",earthquake,,1.5,0.46,11,reviewed,nn,nn
2020-04-17T00:22:46.383Z,56.0434,-153.4213,7.6,5.3,ml,,,,0.63,ak,ak0204ym6afq,2020-04-17T12:32:57.651Z,"129km ENE of Chirikof Island, Alaska",earthquake,,4.8,,,reviewed,ak,ak
2020-04-17T00:20:55.900Z,35.6798333,-117.5426667,9.68,0.99,ml,11,146,0.1428,0.14,ci,ci39392576,2020-04-17T13:30:59.247Z,"14km ENE of Ridgecrest, CA",earthquake,0.43,1.47,0.22,12,reviewed,ci,ci
2020-04-17T00:19:07.867Z,60.3522,-151.9763,70.9,1.1,ml,,,,0.41,ak,ak0204ym5kjm,2020-04-17T00:24:41.182Z,"37km W of Cohoe, Alaska",earthquake,,1.4,,,automatic,ak,ak
2020-04-17T00:10:59.820Z,38.831665,-122.8178329,1.61,1.67,md,8,149,0.02949,0.03,nc,nc73371895,2020-04-17T00:12:34.776Z,"8km NW of The Geysers, CA",earthquake,0.35,0.77,0.13,10,automatic,nc,nc
2020-04-17T00:07:29.202Z,61.7392,-151.9724,110.3,2.2,ml,,,,0.49,ak,ak0204ym31om,2020-04-17T00:19:19.322Z,"102km W of Willow, Alaska",earthquake,,0.5,,,automatic,ak,ak
2020-04-17T00:01:14.680Z,33.7086667,-116.7493333,15.91,0.47,ml,16,126,0.02942,0.08,ci,ci39392552,2020-04-17T03:07:10.812Z,"4km SW of Idyllwild, CA",earthquake,0.23,0.32,0.113,8,reviewed,ci,ci
2020-04-17T00:01:04.110Z,33.7113333,-116.7476667,15.23,0.2,ml,15,127,0.02792,0.11,ci,ci37442469,2020-04-17T02:56:20.843Z,"4km SW of Idyllwild, CA",earthquake,0.4,0.36,0.143,7,reviewed,ci,ci
2020-04-16T23:48:54.860Z,17.9368,-66.8478,19,2.44,md,8,215,0.1991,0.14,pr,pr2020107018,2020-04-17T00:04:47.552Z,"6km SE of Maria Antonia, Puerto Rico",earthquake,0.96,1.66,0.15,8,reviewed,pr,pr
2020-04-16T23:42:14.473Z,61.3134,-146.8362,20.6,1.3,ml,,,,1.07,ak,ak0204xcg4z9,2020-04-16T23:45:20.753Z,"33km NW of Valdez, Alaska",earthquake,,0.4,,,automatic,ak,ak
2020-04-16T23:35:05.749Z,38.0274,-118.7685,8.6,1.7,ml,12,58.86,0.305,0.105,nn,nn00722770,2020-04-17T02:11:02.383Z,"45km NNE of Mammoth Lakes, California",earthquake,,2.5,0.5,7,reviewed,nn,nn
2020-04-16T23:32:35.290Z,52.0401667,-176.1248333,3.22,-0.62,ml,4,133,0.01997,0.11,av,av70887099,2020-04-17T04:50:51.360Z,"40km ENE of Adak, Alaska",earthquake,0.47,0.96,0.152,4,reviewed,av,av
2020-04-16T23:31:35.420Z,34.9573326,-120.7884979,7.05,2.93,md,8,217,0.4732,0.14,nc,nc73371880,2020-04-17T01:31:03.405Z,"20km W of Guadalupe, CA",earthquake,2.82,10.72,0.36,3,automatic,nc,nc
2020-04-16T23:30:56.750Z,52.0431667,-176.1098333,3.74,0.08,ml,5,109,0.02563,0.17,av,av70887094,2020-04-17T04:47:49.440Z,"41km ENE of Adak, Alaska",earthquake,0.54,1.16,0.258,5,reviewed,av,av
2020-04-16T23:30:03.210Z,52.0435,-176.1025,5.83,0.69,ml,7,109,0.02734,0.06,av,av70887089,2020-04-17T04:45:47.710Z,"42km ENE of Adak, Alaska",earthquake,0.26,0.44,0.25,7,reviewed,av,av
2020-04-16T23:27:20.270Z,34.3363333,-117.7266667,6.1,0.46,ml,7,150,0.0607,0.06,ci,ci39392536,2020-04-17T02:43:30.437Z,"9km WSW of Wrightwood, CA",earthquake,0.28,0.51,0.03,5,reviewed,ci,ci
2020-04-16T23:25:56.995Z,38.0501,-118.7185,7.6,2.2,ml,15,55.43,0.262,0.1901,nn,nn00722760,2020-04-17T02:10:59.318Z,"49km NNE of Mammoth Lakes, California",earthquake,,1.6,0.22,7,reviewed,nn,nn
2020-04-16T23:22:46.682Z,-23.8824,-179.8269,513.96,4.6,mb,,98,5.604,0.88,us,us70008y0t,2020-04-17T00:18:40.040Z,"South of the Fiji Islands",earthquake,13.1,9.1,0.09,37,reviewed,us,us
2020-04-16T23:17:14.507Z,63.1913,-149.8399,94.4,1.5,ml,,,,0.35,ak,ak0204xcas1v,2020-04-16T23:23:36.472Z,"49km WSW of Cantwell, Alaska",earthquake,,0.5,,,automatic,ak,ak
2020-04-16T23:12:30.700Z,52.05,-176.1151667,3.35,-0.25,ml,4,116,0.02012,0.1,av,av70887079,2020-04-17T04:41:14.270Z,"41km ENE of Adak, Alaska",earthquake,0.48,0.91,0.096,4,reviewed,av,av
2020-04-16T23:09:05.150Z,33.5141667,-116.5293333,9.96,0.35,ml,14,165,0.04324,0.09,ci,ci39392520,2020-04-16T23:47:59.396Z,"14km ESE of Anza, CA",earthquake,0.3,0.35,0.28,7,reviewed,ci,ci
2020-04-16T23:06:01.980Z,44.3796667,-115.1911667,7.62,1.81,ml,8,112,0.32,0.28,mb,mb80406634,2020-04-16T23:52:54.790Z,"69km ESE of Cascade, Idaho",earthquake,1.04,2.65,0.214,6,reviewed,mb,mb
2020-04-16T22:58:11.660Z,52.0461667,-176.1155,1.58,-0.57,ml,4,125,0.02117,0.13,av,av70887074,2020-04-17T04:38:42.530Z,"41km ENE of Adak, Alaska",earthquake,0.46,1.54,0.136,4,reviewed,av,av
2020-04-16T22:55:33.500Z,52.0565,-176.1203333,1.77,-0.46,ml,4,139,0.01643,0.06,av,av70887069,2020-04-17T04:37:10.320Z,"41km ENE of Adak, Alaska",earthquake,0.37,0.85,0.289,4,reviewed,av,av
2020-04-16T22:46:12.950Z,38.8246651,-122.7646637,1.92,0.65,md,10,125,0.007101,0.02,nc,nc73371870,2020-04-16T22:47:49.564Z,"4km W of Cobb, CA",earthquake,0.41,0.66,0.09,2,automatic,nc,nc
2020-04-16T22:45:46.330Z,52.0458333,-176.1158333,0.07,-0.87,ml,4,126,0.02113,0.17,av,av70887064,2020-04-17T04:35:38.860Z,"41km ENE of Adak, Alaska",earthquake,0.52,0.52,0.188,4,reviewed,av,av
2020-04-16T22:45:07.350Z,38.8223343,-122.7663345,2.17,0.97,md,22,63,0.008592,0.03,nc,nc73371865,2020-04-16T22:46:44.075Z,"4km W of Cobb, CA",earthquake,0.24,0.46,0.08,6,automatic,nc,nc
2020-04-16T22:44:37.870Z,58.1886667,-155.3723333,0.77,-0.46,ml,5,218,0.03172,0.03,av,av70886989,2020-04-17T04:00:44.890Z,"93km SE of King Salmon, Alaska",earthquake,0.61,0.87,0.137,4,reviewed,av,av
2020-04-16T22:44:34.530Z,38.8223343,-122.7651672,2.01,1.15,md,24,68,0.008931,0.04,nc,nc73371860,2020-04-16T22:59:03.438Z,"4km W of Cobb, CA",earthquake,0.23,0.44,0.21,6,automatic,nc,nc
2020-04-16T22:42:39.280Z,35.6148333,-117.4501667,2.34,2.07,ml,23,67,0.1137,0.17,ci,ci39392472,2020-04-16T22:46:40.908Z,"18km SSW of Searles Valley, CA",earthquake,0.29,0.75,0.133,25,automatic,ci,ci
2020-04-16T22:41:19.645Z,37.4624,20.5663,10,4,mwr,,60,1.119,0.76,us,us70008xzz,2020-04-16T23:05:04.040Z,"36km SW of Lithakia, Greece",earthquake,3.9,1.9,0.071,19,reviewed,us,us
2020-04-16T22:35:20.730Z,35.6403333,-117.4566667,9.05,0.64,ml,10,116,0.1375,0.12,ci,ci37442437,2020-04-16T23:19:22.067Z,"15km SSW of Searles Valley, CA",earthquake,0.33,1.72,0.115,4,reviewed,ci,ci
2020-04-16T22:34:50.610Z,35.6133333,-117.4486667,3.07,1.43,ml,31,81,0.1117,0.18,ci,ci39392448,2020-04-16T23:00:23.560Z,"18km SSW of Searles Valley, CA",earthquake,0.23,0.93,0.177,24,reviewed,ci,ci
2020-04-16T22:34:09.389Z,62.2775,-148.5353,32.3,1.1,ml,,,,0.28,ak,ak0204xbsz7t,2020-04-16T22:38:57.165Z,"56km NNE of Sutton-Alpine, Alaska",earthquake,,0.2,,,automatic,ak,ak
2020-04-16T22:31:24.910Z,44.3935,-115.1736667,3.97,1.98,ml,9,73,0.339,0.15,mb,mb80406624,2020-04-16T22:42:42.860Z,"70km E of Cascade, Idaho",earthquake,0.4,1.21,0.342,6,reviewed,mb,mb
2020-04-16T22:23:33.530Z,33.5011667,-116.5031667,9.5,0.7,ml,27,58,0.06081,0.17,ci,ci39392424,2020-04-17T13:31:30.474Z,"17km ESE of Anza, CA",earthquake,0.26,0.53,0.131,19,reviewed,ci,ci
2020-04-16T22:22:44.056Z,60.2519,-141.5693,0,1.6,ml,,,,0.56,ak,ak0204xbqhat,2020-04-16T22:28:04.392Z,"52km ENE of Cape Yakataga, Alaska",earthquake,,0.4,,,automatic,ak,ak
2020-04-16T22:13:19.260Z,52.035,-176.1103333,-1.8,-0.57,ml,4,157,0.03001,0.07,av,av70887059,2020-04-17T04:33:37.340Z,"41km ENE of Adak, Alaska",earthquake,0.22,1.12,0.186,4,reviewed,av,av
2020-04-16T22:11:05.510Z,38.8113327,-122.8103333,0.84,0.92,md,15,48,0.01205,0.04,nc,nc73371840,2020-04-16T22:12:40.756Z,"6km NW of The Geysers, CA",earthquake,0.22,0.42,0.08,5,automatic,nc,nc
2020-04-16T21:52:19.530Z,38.0666656,-118.7699966,2.63,2.43,md,23,123,0.2787,0.08,nc,nc73371835,2020-04-17T02:10:52.636Z,"27km SE of Bodie, CA",earthquake,0.44,9.29,0.18,20,automatic,nc,nc
2020-04-16T21:47:30.530Z,52.0456667,-176.1141667,3.31,0.27,ml,5,127,0.02213,0.13,av,av70887049,2020-04-17T04:24:02.550Z,"41km ENE of Adak, Alaska",earthquake,0.41,0.96,0.154,5,reviewed,av,av
2020-04-16T21:46:24.200Z,52.0451667,-176.121,4.81,-0.42,ml,4,124,0.01863,0.22,av,av70887044,2020-04-17T04:21:31.820Z,"41km ENE of Adak, Alaska",earthquake,0.97,1.46,0.107,4,reviewed,av,av
2020-04-16T21:44:19.380Z,52.0445,-176.109,5.32,0.9,ml,7,109,0.02552,0.13,av,av70887039,2020-04-17T04:19:29.420Z,"41km ENE of Adak, Alaska",earthquake,0.36,0.56,0.206,7,reviewed,av,av
2020-04-16T21:42:13.590Z,52.0438333,-176.1206667,2.69,-0.54,ml,5,127,0.01952,0.17,av,av70887034,2020-04-17T04:16:58.680Z,"41km ENE of Adak, Alaska",earthquake,0.46,1.1,0.18,5,reviewed,av,av
2020-04-16T21:41:48.920Z,52.0493333,-176.1143333,3.59,0.28,ml,6,101,0.02078,0.13,av,av70887029,2020-04-17T04:15:56.650Z,"41km ENE of Adak, Alaska",earthquake,0.38,0.82,0.177,6,reviewed,av,av
2020-04-16T21:41:33.050Z,17.988,-66.5231,16,2.88,md,14,174,0.0996,0.06,pr,pr2020107017,2020-04-16T21:51:40.915Z,"2km W of Potala Pastillo, Puerto Rico",earthquake,0.33,0.24,0.16,13,reviewed,pr,pr
2020-04-16T21:38:27.420Z,44.2603333,-114.9265,5.56,1.99,ml,8,110,0.396,0.19,mb,mb80406609,2020-04-16T22:13:15.920Z,"61km WSW of Challis, Idaho",earthquake,0.52,2.11,0.039,6,reviewed,mb,mb
2020-04-16T21:37:37.570Z,52.0161667,-176.0956667,-1.76,-0.4,ml,4,222,0.03475,0.12,av,av70887024,2020-04-17T04:13:24.950Z,"41km ENE of Adak, Alaska",earthquake,0.44,1.15,0.2,4,reviewed,av,av
2020-04-16T21:35:44.890Z,52.0425,-176.118,2.43,-0.47,ml,4,132,0.02164,0.12,av,av70887014,2020-04-17T04:09:21.890Z,"41km ENE of Adak, Alaska",earthquake,0.44,1.08,0.235,4,reviewed,av,av
2020-04-16T21:35:28.740Z,52.043,-176.1255,2.92,-0.67,ml,4,126,0.01768,0.08,av,av70887019,2020-04-17T04:10:53.160Z,"40km ENE of Adak, Alaska",earthquake,0.44,0.85,0.132,4,reviewed,av,av
2020-04-16T21:34:39.860Z,52.0551667,-176.118,2.95,-0.61,ml,4,133,0.01779,0.08,av,av70887009,2020-04-17T04:07:20.340Z,"41km ENE of Adak, Alaska",earthquake,0.47,0.8,0.192,4,reviewed,av,av
2020-04-16T21:34:16.090Z,44.308,-115.2046667,6.41,2.38,ml,9,70,0.257,0.25,mb,mb80406604,2020-04-16T22:07:28.970Z,"70km ESE of Cascade, Idaho",earthquake,0.58,1.52,0.205,12,reviewed,mb,mb
2020-04-16T21:34:06.150Z,52.045,-176.1163333,1.62,-0.07,ml,4,127,0.02122,0.19,av,av70887004,2020-04-17T04:06:19.210Z,"41km ENE of Adak, Alaska",earthquake,0.54,1.88,0.301,4,reviewed,av,av
2020-04-16T21:33:42.910Z,52.0545,-176.1138333,1.92,-0.5,ml,4,128,0.02036,0.07,av,av70886999,2020-04-17T04:04:17.680Z,"42km ENE of Adak, Alaska",earthquake,0.42,0.95,0.106,4,reviewed,av,av
2020-04-16T21:33:04.030Z,52.0355,-176.1123333,-0.67,-0.56,ml,4,155,0.02875,0.09,av,av70886994,2020-04-17T04:02:46.360Z,"41km ENE of Adak, Alaska",earthquake,0.28,0.42,0.315,4,reviewed,av,av
2020-04-16T21:32:04.620Z,38.8325005,-122.81633,1.71,1.75,md,32,46,0.01032,0.05,nc,nc73371825,2020-04-16T21:50:04.148Z,"8km NW of The Geysers, CA",earthquake,0.19,0.34,0.17,8,automatic,nc,nc
2020-04-16T21:30:52.590Z,52.0451667,-176.1146667,4.46,0.83,ml,6,105,0.02207,0.16,av,av70886984,2020-04-17T03:58:44.090Z,"41km ENE of Adak, Alaska",earthquake,0.44,0.86,0.208,6,reviewed,av,av
2020-04-16T21:30:33.560Z,52.045,-176.1066667,4.78,1.24,ml,6,109,0.02666,0.14,av,av62156566,2020-04-17T03:57:14.910Z,"42km ENE of Adak, Alaska",earthquake,0.46,0.8,0.167,6,reviewed,av,av
2020-04-16T21:28:18.270Z,52.0471667,-176.116,3.36,-0.22,ml,4,123,0.0205,0.15,av,av70886979,2020-04-17T03:54:39.160Z,"41km ENE of Adak, Alaska",earthquake,0.62,1.16,0.165,4,reviewed,av,av
2020-04-16T21:27:40.286Z,63.5,-147.5127,5.8,1.3,ml,,,,0.87,ak,ak0204xb63zl,2020-04-16T21:39:04.715Z,"72km E of Cantwell, Alaska",earthquake,,0.4,,,automatic,ak,ak
2020-04-16T21:26:58.410Z,52.051,-176.117,3.22,-0.3,ml,4,117,0.01879,0.08,av,av70886974,2020-04-17T03:53:07.820Z,"41km ENE of Adak, Alaska",earthquake,0.42,0.75,0.078,4,reviewed,av,av
2020-04-16T21:26:33.060Z,52.046,-176.1135,2.22,0.12,ml,4,126,0.02237,0.15,av,av70886969,2020-04-17T03:51:06.250Z,"41km ENE of Adak, Alaska",earthquake,0.51,1.24,0.25,4,reviewed,av,av
2020-04-16T21:25:57.670Z,52.0503333,-176.1208333,3.02,-0.49,ml,4,114,0.01665,0.12,av,av70886964,2020-04-17T03:48:04.350Z,"41km ENE of Adak, Alaska",earthquake,0.5,0.94,0.147,4,reviewed,av,av
2020-04-16T21:23:31.810Z,52.0408333,-176.1145,4.52,0.8,ml,6,111,0.02436,0.19,av,av70886949,2020-04-17T03:42:59.890Z,"41km ENE of Adak, Alaska",earthquake,0.53,1.02,0.134,6,reviewed,av,av
2020-04-16T21:23:11.750Z,52.0491667,-176.112,3.06,-0.15,ml,5,119,0.02222,0.12,av,av70886954,2020-04-17T03:45:02.370Z,"41km ENE of Adak, Alaska",earthquake,0.42,0.95,0.13,5,reviewed,av,av
2020-04-16T21:22:29.768Z,26.005,128.5694,10,5.3,mww,,46,0.869,0.79,us,us70008xxx,2020-04-17T02:29:41.471Z,"78km ESE of Haebaru, Japan",earthquake,5.2,1.8,0.08,15,reviewed,us,us
2020-04-16T21:13:58.510Z,40.2464981,-124.123497,13.15,1.43,md,7,117,0.03682,0.06,nc,nc73371810,2020-04-16T23:23:02.591Z,"16km ESE of Petrolia, CA",earthquake,0.82,1.49,0.04,6,automatic,nc,nc
2020-04-16T21:03:26.306Z,52.7753,-34.4454,10,4.5,mb,,38,10.305,0.68,us,us70008xy8,2020-04-17T02:48:44.040Z,"Reykjanes Ridge",earthquake,5.6,1.9,0.052,110,reviewed,us,us
2020-04-16T21:02:13.550Z,-32.2975,-70.2349,121.5,4.4,mb,,94,0.536,0.61,us,us70008xx5,2020-04-17T02:41:33.608Z,"68km NE of San Felipe, Chile",earthquake,4.6,4.3,0.149,13,reviewed,us,us
2020-04-16T20:57:53.990Z,52.0645,-176.1768333,2.45,-0.51,ml,4,257,0.02093,0.14,av,av70886944,2020-04-17T03:40:28.260Z,"38km ENE of Adak, Alaska",earthquake,1.2,0.76,0.229,4,reviewed,av,av
2020-04-16T20:57:32.650Z,52.0485,-176.1136667,2.44,-0.4,ml,4,120,0.02141,0.14,av,av70886939,2020-04-17T03:38:26.710Z,"41km ENE of Adak, Alaska",earthquake,0.54,1.21,0.237,4,reviewed,av,av
2020-04-16T20:56:33.900Z,52.0575,-176.1306667,3.63,-0.52,ml,4,155,0.01032,0.15,av,av70886929,2020-04-17T03:34:23.690Z,"41km ENE of Adak, Alaska",earthquake,0.64,0.99,0.187,4,reviewed,av,av
2020-04-16T20:56:27.150Z,52.0528333,-176.1173333,3,-0.63,ml,4,123,0.0183,0.11,av,av70886934,2020-04-17T03:36:55.380Z,"41km ENE of Adak, Alaska",earthquake,0.46,0.96,0.204,4,reviewed,av,av
2020-04-16T20:55:18.850Z,40.736,-112.0661667,8.28,0.52,md,8,130,0.01972,0.06,uu,uu60379027,2020-04-16T21:17:45.340Z,"4km NE of Magna, Utah",earthquake,0.49,0.79,0.192,4,reviewed,uu,uu
2020-04-16T20:52:53.810Z,52.0486667,-176.1163333,3.15,-0.49,ml,4,118,0.01979,0.14,av,av70886924,2020-04-17T03:32:22.280Z,"41km ENE of Adak, Alaska",earthquake,0.54,1.08,0.182,4,reviewed,av,av
2020-04-16T20:46:09.370Z,17.8133,-66.8708,2,2.6,md,16,240,0.2333,0.29,pr,pr2020107016,2020-04-16T21:15:29.618Z,"17km SSE of Guanica, Puerto Rico",earthquake,1.08,1.07,0.3,11,reviewed,pr,pr
2020-04-16T20:46:04.480Z,40.7286667,-112.055,9.12,0.87,md,16,80,0.01463,0.09,uu,uu60379022,2020-04-16T21:16:10.400Z,"4km ENE of Magna, Utah",earthquake,0.29,0.54,0.18,9,reviewed,uu,uu
2020-04-16T20:41:27.751Z,46.0611,-74.1062,17.17,1.7,ml,,108,0.346,0.35,us,us70008y7v,2020-04-17T06:18:49.164Z,"9km ENE of Val-David, Canada",earthquake,2.8,6.5,0.128,8,reviewed,us,us
2020-04-16T20:40:48.780Z,34.3455,-117.7246667,5.9,0.67,ml,9,89,0.05295,0.2,ci,ci39392280,2020-04-16T20:44:34.331Z,"8km WSW of Wrightwood, CA",earthquake,0.56,1.17,0.088,11,automatic,ci,ci
2020-04-16T20:34:28.750Z,19.2285004,-155.3903351,31.67,1.99,md,41,148,0.01123,0.13,hv,hv71477502,2020-04-16T20:37:39.410Z,"9km ENE of Pahala, Hawaii",earthquake,0.71,0.85,0.15,18,automatic,hv,hv
2020-04-16T20:31:32.650Z,46.1978333333333,-122.183,0.47,0.37,ml,10,142,0.002935,0.1,uw,uw61608461,2020-04-16T21:08:11.020Z,"37km NNE of Amboy, Washington",earthquake,0.43,0.23,0.103267203848562,7,reviewed,uw,uw
2020-04-16T20:26:39.710Z,38.4721667,-112.8526667,1.08,-0.16,md,5,206,0.015,0.05,uu,uu60379017,2020-04-16T21:13:02.960Z,"16km ENE of Milford, Utah",earthquake,1.04,0.91,0.64,2,reviewed,uu,uu
2020-04-16T20:21:57.970Z,40.726,-112.0796667,9.15,0.44,md,8,78,0.02748,0.13,uu,uu60379007,2020-04-16T21:09:55.750Z,"2km NE of Magna, Utah",earthquake,0.51,1.07,0.161,5,reviewed,uu,uu
2020-04-16T20:19:25.790Z,52.0396667,-176.1106667,-0.19,-0.51,ml,5,144,0.02698,0.12,av,av70886919,2020-04-17T03:30:20.790Z,"41km ENE of Adak, Alaska",earthquake,0.58,0.5,0.159,5,reviewed,av,av
2020-04-16T20:13:59.270Z,38.4723333,-112.8443333,0.06,0.72,md,8,230,0.01903,0.08,uu,uu60378997,2020-04-16T21:08:20.850Z,"16km ENE of Milford, Utah",earthquake,0.71,31.61,0.421,2,reviewed,uu,uu
2020-04-16T20:11:15.890Z,38.4725,-112.8333333,0.08,-0.03,md,6,255,0.02593,0.1,uu,uu60378992,2020-04-16T21:04:42.560Z,"17km ENE of Milford, Utah",earthquake,0.8,31.61,0.665,2,reviewed,uu,uu
2020-04-16T20:05:42.460Z,52.0368333,-176.1093333,-1.8,-0.58,ml,5,153,0.02931,0.21,av,av70886914,2020-04-17T03:28:19.010Z,"41km ENE of Adak, Alaska",earthquake,0.45,1.6,0.193,5,reviewed,av,av
2020-04-16T20:02:22.860Z,40.7361667,-112.0741667,7.14,0.57,md,10,82,0.01758,0.14,uu,uu60378987,2020-04-16T20:42:33.930Z,"3km NE of Magna, Utah",earthquake,0.54,1.09,0.155,4,reviewed,uu,uu
2020-04-16T19:55:59.697Z,52.6413,-34.7905,10,4.5,mb,,162,14.696,0.77,us,us70008xvf,2020-04-16T22:34:28.040Z,"Reykjanes Ridge",earthquake,6,1.9,0.072,57,reviewed,us,us
2020-04-16T19:55:36.091Z,60.1135,-151.4905,59.9,0.8,ml,,,,0.09,ak,ak0204xa58i3,2020-04-16T20:03:16.574Z,"30km SSW of Cohoe, Alaska",earthquake,,2.9,,,automatic,ak,ak
2020-04-16T19:53:02.260Z,44.102,-123.029833333333,-0.37,1.41,ml,11,93,0.1003,0.31,uw,uw61608416,2020-04-16T21:04:24.980Z,"4km SE of Coburg, Oregon",explosion,0.6,31.61,0.210186975242336,6,reviewed,uw,uw
2020-04-16T19:51:32.500Z,33.9938333,-117.2033333,16.53,0.79,ml,20,55,0.105,0.15,ci,ci39392224,2020-04-16T23:43:49.373Z,"7km SSW of Redlands, CA",earthquake,0.27,0.6,0.111,7,reviewed,ci,ci
2020-04-16T19:51:15.807Z,61.2292,-148.4082,5.9,1.3,ml,,,,0.39,ak,ak0204xa4ccv,2020-04-16T19:57:35.067Z,"48km SE of Butte, Alaska",earthquake,,0.3,,,automatic,ak,ak
2020-04-16T19:50:30.794Z,38.0385,-118.7408,7.7,1.8,ml,13,86.22,0.283,0.1372,nn,nn00722740,2020-04-17T02:10:48.276Z,"47km NNE of Mammoth Lakes, California",earthquake,,1.9,0.4,7,reviewed,nn,nn
2020-04-16T19:48:39.540Z,35.9506667,-117.6676667,4.77,0.09,ml,6,129,0.0143,0.06,ci,ci39392232,2020-04-16T23:51:45.422Z,"22km E of Little Lake, CA",earthquake,0.26,0.18,0.032,1,reviewed,ci,ci
2020-04-16T19:46:59.920Z,17.9431,-66.9368,10,2.71,md,8,230,0.1106,0.18,pr,pr2020107015,2020-04-16T20:00:51.807Z,"4km SW of Guanica, Puerto Rico",earthquake,0.82,1.36,0.19,7,reviewed,pr,pr
2020-04-16T19:46:43.290Z,44.2555,-115.0968333,6.84,1.96,ml,7,86,0.283,0.14,mb,mb80406579,2020-04-16T22:17:52.580Z,"74km WSW of Challis, Idaho",earthquake,0.47,1.95,0.114,6,reviewed,mb,mb
2020-04-16T19:44:00.400Z,52.0516667,-176.1161667,2.92,-0.22,ml,4,119,0.01917,0.1,av,av70886909,2020-04-17T03:25:17.080Z,"41km ENE of Adak, Alaska",earthquake,0.44,0.89,0.15,4,reviewed,av,av
2020-04-16T19:40:56.360Z,52.0621667,-176.1155,3.75,-0.61,ml,4,157,0.02069,0.01,av,av70886899,2020-04-17T03:22:15.190Z,"42km ENE of Adak, Alaska",earthquake,0.38,0.66,0.159,4,reviewed,av,av
2020-04-16T19:37:53.900Z,47.4286666666667,-121.7785,12.52,1.06,md,10,171,0.2252,0.1,uw,uw61608396,2020-04-16T21:53:06.520Z,"4km SSW of Riverbend, Washington",earthquake,1.62,2.87,0.0446989060187926,4,reviewed,uw,uw
2020-04-16T19:35:21.550Z,52.054,-176.1168333,2.53,-0.82,ml,4,152,0.01852,0.07,av,av70886894,2020-04-17T03:19:43.490Z,"41km ENE of Adak, Alaska",earthquake,0.35,0.71,0.082,4,reviewed,av,av
2020-04-16T19:29:03.130Z,44.7778333,-111.1088333,10.25,0.04,md,9,81,0.01841,0.1,uu,uu60378982,2020-04-16T20:36:22.150Z,"12km N of West Yellowstone, Montana",earthquake,0.49,1.2,0.212,8,reviewed,uu,uu
2020-04-16T19:28:38.918Z,56.8652,-154.7411,1.9,2.2,ml,,,,0.59,ak,ak0204x9zgdv,2020-04-16T19:32:09.716Z,"88km SSW of Larsen Bay, Alaska",earthquake,,0.4,,,automatic,ak,ak
2020-04-16T19:27:04.740Z,44.3368333,-115.1765,8.07,2.33,ml,10,69,0.292,0.23,mb,mb80406569,2020-04-16T19:51:32.950Z,"71km ESE of Cascade, Idaho",earthquake,0.68,1.75,0.154,5,reviewed,mb,mb
2020-04-16T19:21:34.255Z,44.5078,-115.1993,10,2.6,ml,,80,0.43,0.48,us,us70008xtn,2020-04-16T20:42:16.926Z,"66km E of Cascade, Idaho",earthquake,2,2,0.05,52,reviewed,us,us
2020-04-16T19:20:34.880Z,52.0546667,-176.1168333,2.91,-0.37,ml,5,106,0.0185,0.08,av,av70886889,2020-04-17T03:15:41.160Z,"41km ENE of Adak, Alaska",earthquake,0.42,0.71,0.226,5,reviewed,av,av
2020-04-16T19:18:48.410Z,38.0424,-118.7119,8.9,1.8,ml,14,83.02,0.265,0.1707,nn,nn00722737,2020-04-17T02:10:45.080Z,"49km NNE of Mammoth Lakes, California",earthquake,,1.8,0.39,8,reviewed,nn,nn
2020-04-16T19:14:51.877Z,61.4945,-146.3111,20.1,1.3,ml,,,,0.9,ak,ak0204x9whbo,2020-04-16T19:19:26.753Z,"40km N of Valdez, Alaska",earthquake,,0.3,,,automatic,ak,ak
2020-04-16T19:14:42.060Z,40.74,-112.065,7.84,0.4,md,7,128,0.0168,0.09,uu,uu60378972,2020-04-16T20:54:24.390Z,"4km NE of Magna, Utah",earthquake,0.69,0.96,0.369,3,reviewed,uu,uu
2020-04-16T19:13:08.230Z,52.0501667,-176.1146667,2.12,0.07,ml,5,115,0.02038,0.1,av,av70886884,2020-04-17T03:12:08.980Z,"41km ENE of Adak, Alaska",earthquake,0.34,0.8,0.25,5,reviewed,av,av
2020-04-16T19:13:08.200Z,46.9043333,-112.5268333,12.67,1.14,ml,10,125,0.093,0.12,mb,mb80406554,2020-04-16T19:41:46.770Z,"13km ESE of Lincoln, Montana",earthquake,0.41,0.68,0.04,2,reviewed,mb,mb
2020-04-16T19:11:37.430Z,38.788166,-122.7686691,1.34,0.68,md,16,81,0.01427,0.04,nc,nc73371795,2020-04-16T19:13:15.196Z,"2km NW of The Geysers, CA",earthquake,0.27,0.45,0.18,3,automatic,nc,nc
2020-04-16T19:09:29.620Z,52.0375,-176.1098333,-1.8,-0.46,ml,5,151,0.02866,0.22,av,av70886879,2020-04-17T03:08:35.870Z,"41km ENE of Adak, Alaska",earthquake,0.45,1.67,0.17,5,reviewed,av,av
2020-04-16T19:09:12.275Z,61.3702,-150.0823,31.1,1.4,ml,,,,0.64,ak,ak0204x9vbq4,2020-04-16T19:12:34.587Z,"18km SSW of Big Lake, Alaska",earthquake,,0.2,,,automatic,ak,ak
2020-04-16T19:05:55.070Z,35.9585,-117.6705,4.44,0.27,ml,14,57,0.01945,0.09,ci,ci39392160,2020-04-16T21:09:25.793Z,"21km E of Little Lake, CA",earthquake,0.18,0.29,0.169,3,reviewed,ci,ci
2020-04-16T19:05:51.740Z,35.5553333,-117.5425,5.34,0.43,ml,4,203,0.1483,0.12,ci,ci37442373,2020-04-16T21:12:55.385Z,"14km ESE of Ridgecrest, CA",earthquake,1.49,9.59,0.01,2,reviewed,ci,ci
2020-04-16T19:01:06.360Z,38.046833,-118.753334,2.68,2.46,md,23,109,0.2829,0.06,nc,nc73371790,2020-04-17T02:10:41.341Z,"29km SE of Bodie, CA",earthquake,0.46,8.42,0.25,20,automatic,nc,nc
2020-04-16T19:00:51.240Z,40.7371667,-112.0685,9,0.61,md,12,94,0.0179,0.1,uu,uu60378967,2020-04-16T20:10:10.190Z,"4km NE of Magna, Utah",earthquake,0.36,0.77,0.278,6,reviewed,uu,uu
2020-04-16T18:59:50.000Z,35.9661667,-117.6573333,6,0.97,ml,15,68,0.01908,0.2,ci,ci39392144,2020-04-16T19:03:31.029Z,"23km E of Little Lake, CA",earthquake,0.42,0.68,0.113,12,automatic,ci,ci
2020-04-16T18:58:10.030Z,52.0535,-176.1165,2.8,-0.57,ml,4,126,0.01876,0.1,av,av70886869,2020-04-17T03:03:33.060Z,"41km ENE of Adak, Alaska",earthquake,0.49,0.88,0.124,4,reviewed,av,av
2020-04-16T18:56:47.640Z,52.0495,-176.1181667,2.22,-0.55,ml,4,116,0.01846,0.16,av,av70886864,2020-04-17T03:01:31.650Z,"41km ENE of Adak, Alaska",earthquake,0.57,1.35,0.141,4,reviewed,av,av
2020-04-16T18:54:59.700Z,39.411,-110.3123333,-0.9,1.85,md,8,196,0.0164,0.04,uu,uu60378962,2020-04-16T20:03:58.320Z,"17km SSE of East Carbon City, Utah",earthquake,1.07,0.36,0.193,8,reviewed,uu,uu
2020-04-16T18:54:43.050Z,52.047,-176.119,2.84,-0.08,ml,5,121,0.01886,0.15,av,av70886859,2020-04-17T02:58:59.770Z,"41km ENE of Adak, Alaska",earthquake,0.41,0.99,0.175,5,reviewed,av,av
2020-04-16T18:54:28.829Z,38.0405,-118.7487,9,2,ml,15,57.52,0.285,0.1636,nn,nn00722728,2020-04-17T02:10:35.256Z,"47km NNE of Mammoth Lakes, California",earthquake,,1.5,0.39,7,reviewed,nn,nn
2020-04-16T18:54:12.470Z,52.0751667,-176.129,-0.72,-0.16,ml,5,127,0.02317,0.09,av,av70886854,2020-04-17T02:56:28.090Z,"42km ENE of Adak, Alaska",earthquake,0.16,0.28,0.249,5,reviewed,av,av
2020-04-16T18:51:35.047Z,64.5884,-149.3426,14.6,0.8,ml,,,,0.22,ak,ak0204x9ixy8,2020-04-16T18:58:11.156Z,"11km W of North Nenana, Alaska",earthquake,,0.3,,,automatic,ak,ak
2020-04-16T18:49:05.071Z,63.2329,-151.5892,2.8,1.3,ml,,,,1.03,ak,ak0204x9ig8j,2020-04-16T19:00:21.993Z,"126km NW of Talkeetna, Alaska",earthquake,,0.3,,,automatic,ak,ak
2020-04-16T18:42:15.860Z,33.5003333,-116.5193333,7.8,0.56,ml,18,56,0.05784,0.23,ci,ci39392104,2020-04-16T20:25:04.098Z,"16km ESE of Anza, CA",earthquake,0.44,1.08,0.062,8,reviewed,ci,ci
2020-04-16T18:37:15.330Z,33.0938333,-116.0323333,10.1,1.56,ml,32,45,0.1294,0.17,ci,ci39392096,2020-04-16T20:26:05.950Z,"11km ESE of Ocotillo Wells, CA",earthquake,0.25,0.97,0.114,27,reviewed,ci,ci
2020-04-16T18:33:12.435Z,58.3581,-152.6076,36.1,2.2,ml,,,,0.48,ak,ak0204x9f1aw,2020-04-16T18:41:45.110Z,"64km N of Kodiak, Alaska",earthquake,,1.5,,,automatic,ak,ak
2020-04-16T18:30:55.040Z,34.0181667,-117.2163333,16.5,2.4,ml,71,28,0.07934,0.19,ci,ci39392072,2020-04-16T18:42:03.880Z,"5km SW of Redlands, CA",earthquake,0.18,0.45,0.235,24,automatic,ci,ci
2020-04-16T18:27:32.550Z,52.0423333,-176.1101667,-0.11,-0.43,ml,4,137,0.02584,0.12,av,av70886844,2020-04-17T02:53:26.180Z,"41km ENE of Adak, Alaska",earthquake,0.36,0.23,0.236,4,reviewed,av,av
2020-04-16T18:27:25.220Z,52.0405,-176.1108333,-0.19,-0.49,ml,4,142,0.02643,0.12,av,av70886834,2020-04-17T02:49:53.230Z,"41km ENE of Adak, Alaska",earthquake,0.32,0.22,0.172,4,reviewed,av,av
2020-04-16T18:27:18.530Z,52.0365,-176.1091667,-1.8,-0.56,ml,5,154,0.0296,0.2,av,av70886839,2020-04-17T02:51:24.610Z,"41km ENE of Adak, Alaska",earthquake,0.42,1.57,0.149,5,reviewed,av,av
2020-04-16T18:27:12.270Z,52.5069,160.0387,58.03,4.2,mb,,115,0.989,0.96,us,us70008xsb,2020-04-16T20:25:54.040Z,"111km ESE of Petropavlovsk-Kamchatskiy, Russia",earthquake,11.5,8.2,0.098,29,reviewed,us,us
2020-04-16T18:22:07.770Z,33.4388333,-116.5926667,6.31,1.49,ml,48,42,0.1291,0.22,ci,ci39392064,2020-04-16T20:26:09.520Z,"15km SSE of Anza, CA",earthquake,0.22,0.87,0.139,27,reviewed,ci,ci
2020-04-16T18:20:50.206Z,61.2503,-149.3881,31.9,1.1,ml,,,,0.75,ak,ak0204x9cbx8,2020-04-16T18:28:19.180Z,"27km E of Anchorage, Alaska",earthquake,,0.2,,,automatic,ak,ak
2020-04-16T18:20:39.330Z,17.9416,-67.0906,10,2.43,md,20,238,0.0541,0.16,pr,pr2020107014,2020-04-16T19:00:17.620Z,"5km SW of La Parguera, Puerto Rico",earthquake,0.7,0.31,0.32,14,reviewed,pr,pr
2020-04-16T18:16:56.920Z,52.0523333,-176.1186667,3.01,-0.45,ml,4,121,0.01755,0.1,av,av70886829,2020-04-17T02:47:21.520Z,"41km ENE of Adak, Alaska",earthquake,0.43,0.85,0.177,4,reviewed,av,av
2020-04-16T18:13:56.830Z,52.0581667,-176.118,2.95,-0.16,ml,4,145,0.0181,0.12,av,av70886819,2020-04-17T02:43:51.280Z,"42km ENE of Adak, Alaska",earthquake,0.5,0.92,0.134,4,reviewed,av,av
2020-04-16T18:09:04.290Z,52.0476667,-176.1106667,0.23,0.3,ml,4,123,0.02343,0.09,av,av70886814,2020-04-17T02:40:17.310Z,"41km ENE of Adak, Alaska",earthquake,0.27,0.46,0.201,4,reviewed,av,av
2020-04-16T18:07:21.730Z,46.8513333333333,-121.7045,-1.97,-0.21,md,6,306,0.02507,0.16,uw,uw61608246,2020-04-16T20:47:00.820Z,"27km N of Packwood, Washington",earthquake,1.6,0.74,0.135888835013464,5,reviewed,uw,uw
2020-04-16T18:04:06.441Z,50.9999,-177.6299,10,3.8,mb,,219,0.904,1.15,us,us70008xrc,2020-04-16T19:42:28.040Z,"104km SSE of Tanaga Volcano, Alaska",earthquake,10.9,2,0.066,60,reviewed,us,us
2020-04-16T18:02:12.270Z,59.8355,-150.5306,37.7,1.1,ml,,,,0.23,ak,ak0204x98e32,2020-04-16T18:16:45.969Z,"44km ENE of Fritz Creek, Alaska",earthquake,,0.6,,,automatic,ak,ak
2020-04-16T18:01:46.260Z,44.404,-115.1973,10,2.7,ml,,59,0.338,0.88,us,us70008xrl,2020-04-17T02:04:22.752Z,"68km E of Cascade, Idaho",earthquake,1.5,2,0.069,28,reviewed,us,us
2020-04-16T17:58:05.460Z,38.0576668,-118.7490005,2.78,1.96,md,18,179,0.2728,0.05,nc,nc73371765,2020-04-17T02:10:28.415Z,"29km SE of Bodie, CA",earthquake,0.83,9.11,0.22,12,automatic,nc,nc
2020-04-16T17:56:26.300Z,35.9576667,-117.6725,2.9,1.09,ml,17,51,0.02042,0.13,ci,ci39391976,2020-04-16T18:00:03.380Z,"21km E of Little Lake, CA",earthquake,0.26,0.47,0.073,16,automatic,ci,ci
2020-04-16T17:51:24.540Z,44.3838333,-115.174,9.78,1.87,ml,7,91,0.33,0.16,mb,mb80406524,2020-04-16T22:31:23.240Z,"70km ESE of Cascade, Idaho",earthquake,0.6,1.14,0.144,9,reviewed,mb,mb
2020-04-16T17:49:46.470Z,35.8325,-117.6608333,11.15,0.55,ml,16,77,0.05411,0.15,ci,ci39391960,2020-04-16T20:23:22.819Z,"24km N of Ridgecrest, CA",earthquake,0.3,0.41,0.102,6,reviewed,ci,ci
2020-04-16T17:44:20.880Z,35.9065,-117.7355,7.68,1.3,ml,18,54,0.07926,0.12,ci,ci39391952,2020-04-16T18:22:54.770Z,"16km ESE of Little Lake, CA",earthquake,0.23,0.64,0.233,21,reviewed,ci,ci
2020-04-16T17:38:46.240Z,61.3769,-159.3903,6.9,1.3,ml,,,,0.83,ak,ak0204x8uqwg,2020-04-16T17:41:55.736Z,"93km SSE of Holy Cross, Alaska",earthquake,,0.5,,,automatic,ak,ak
2020-04-16T17:38:23.011Z,-10.3628,161.2737,46.59,5,mww,,64,1.597,0.96,us,us70008xqe,2020-04-16T19:50:02.040Z,"71km W of Kirakira, Solomon Islands",earthquake,7.5,5.9,0.098,10,reviewed,us,us
2020-04-16T17:34:03.620Z,61.7817,-149.6762,34.9,1.5,ml,,,,0.77,ak,ak0204x8tsqn,2020-04-16T17:44:06.482Z,"17km NNW of Meadow Lakes, Alaska",earthquake,,0.2,,,automatic,ak,ak
2020-04-16T17:32:34.070Z,52.0748333,-176.1298333,4.32,-0.35,ml,4,218,0.02263,0.08,av,av70886809,2020-04-17T02:35:44.870Z,"42km ENE of Adak, Alaska",earthquake,0.64,0.82,0.324,4,reviewed,av,av
2020-04-16T17:25:34.870Z,33.507,-116.5115,10.36,1.14,ml,34,57,0.05294,0.2,ci,ci39391904,2020-04-16T18:22:58.510Z,"16km ESE of Anza, CA",earthquake,0.27,0.53,0.222,29,reviewed,ci,ci
2020-04-16T17:22:46.610Z,45.3615,-121.698166666667,2.76,1.11,ml,7,90,0.005963,0.06,uw,uw61608146,2020-04-16T19:47:36.680Z,"22km E of Mount Hood Village, Oregon",earthquake,0.33,0.43,0.19862666319424,4,reviewed,uw,uw
2020-04-16T17:21:33.870Z,33.4971667,-116.5018333,7.94,0.64,ml,22,41,0.06492,0.23,ci,ci39391896,2020-04-16T17:25:15.503Z,"17km ESE of Anza, CA",earthquake,0.35,1.04,0.22,10,automatic,ci,ci
2020-04-16T17:19:49.680Z,34.0295,-117.2305,12,1.05,ml,27,55,0.1222,0.28,ci,ci39391888,2020-04-16T17:23:29.647Z,"4km SE of Loma Linda, CA",earthquake,0.44,1.29,0.249,28,automatic,ci,ci
2020-04-16T17:15:23.843Z,44.2637,-115.0598,10,2.4,ml,,67,0.31,0.71,us,us70008xuu,2020-04-17T01:17:51.862Z,"71km WSW of Challis, Idaho",earthquake,1.2,2,0.062,34,reviewed,us,us
2020-04-16T17:09:45.531Z,60.2936,-144.8818,21.9,1.9,ml,,,,0.58,ak,ak0204x8oj1x,2020-04-16T17:14:09.038Z,"55km ESE of Cordova, Alaska",earthquake,,0.2,,,automatic,ak,ak
2020-04-16T17:07:36.540Z,40.7365,-112.0613333,8.66,0.97,ml,20,50,0.02127,0.08,uu,uu60378937,2020-04-16T17:39:35.680Z,"4km NE of Magna, Utah",earthquake,0.27,0.51,0.343,2,reviewed,uu,uu
2020-04-16T17:03:28.610Z,44.7971667,-111.5466667,11.69,0.63,ml,13,80,0.09,0.12,mb,mb80406479,2020-04-16T22:25:11.370Z,"38km WNW of West Yellowstone, Montana",earthquake,0.38,0.47,0.116,3,reviewed,mb,mb
2020-04-16T16:58:32.130Z,40.731,-112.0621667,7.53,0.81,md,16,99,0.02038,0.08,uu,uu60378927,2020-04-16T17:49:22.920Z,"4km NE of Magna, Utah",earthquake,0.41,0.57,0.114,7,reviewed,uu,uu
2020-04-16T16:54:32.790Z,33.0505,-114.9746667,-0.2,1.51,ml,13,61,0.07812,0.33,ci,ci39391840,2020-04-16T23:56:57.483Z,"45km NNW of Los Algodones, B.C., MX",quarry blast,0.77,31.61,0.097,10,reviewed,ci,ci
2020-04-16T16:42:55.920Z,35.6796667,-117.4571667,11,1.09,ml,12,173,0.1718,0.16,ci,ci39391808,2020-04-16T16:46:38.417Z,"11km SSW of Searles Valley, CA",earthquake,0.57,0.85,0.15,13,automatic,ci,ci
2020-04-16T16:42:13.650Z,35.6176667,-117.4293333,9.72,1,ml,17,123,0.1065,0.2,ci,ci39391800,2020-04-16T18:23:40.402Z,"17km S of Searles Valley, CA",earthquake,0.48,1.24,0.104,13,reviewed,ci,ci
2020-04-16T16:41:28.240Z,17.9335,-66.8325,7,2.56,md,21,194,0.2147,0.17,pr,pr2020107013,2020-04-16T17:18:52.770Z,"6km SSW of Indios, Puerto Rico",earthquake,0.47,0.32,0.37,19,reviewed,pr,pr
2020-04-16T16:27:56.790Z,35.7438333,-117.5416667,2.45,0.42,ml,10,138,0.08491,0.18,ci,ci39391760,2020-04-16T23:22:44.221Z,"13km WSW of Searles Valley, CA",earthquake,0.44,0.54,0.085,5,reviewed,ci,ci
2020-04-16T16:25:17.350Z,19.2036667,-155.451828,32.49,2.05,md,51,118,0.04898,0.13,hv,hv71477337,2020-04-16T16:28:38.650Z,"2km E of Pahala, Hawaii",earthquake,0.48,0.8,0.2,21,automatic,hv,hv
2020-04-16T16:25:10.904Z,60.3932,-152.165,88.4,1.6,ml,,,,0.62,ak,ak0204x86g9j,2020-04-16T16:43:12.802Z,"33km ESE of Redoubt Volcano, Alaska",earthquake,,0.4,,,automatic,ak,ak
2020-04-16T16:24:24.810Z,34.6676667,-119.102,6.69,1.81,ml,32,38,0.06536,0.3,ci,ci39391752,2020-04-16T16:28:13.293Z,"20km SSE of Pine Mountain Club, CA",earthquake,0.42,1.33,0.174,28,automatic,ci,ci
2020-04-16T16:22:50.910Z,38.0498352,-118.751503,0.12,2.84,md,33,109,0.2797,0.05,nc,nc73371730,2020-04-17T02:10:25.356Z,"29km SE of Bodie, CA",earthquake,0.31,6.87,0.21,27,automatic,nc,nc
2020-04-16T16:18:34.400Z,45.8618333,-111.3831667,4.93,0.75,ml,6,114,0.312,0.22,mb,mb80406474,2020-04-16T17:09:08.190Z,"3km W of Manhattan, Montana",earthquake,0.98,13.63,0.137,2,reviewed,mb,mb
2020-04-16T16:11:14.490Z,40.7366667,-112.0478333,8.58,0.97,md,13,102,0.01329,0.11,uu,uu60378922,2020-04-16T20:02:23.310Z,"5km NE of Magna, Utah",earthquake,0.37,0.64,0.206,6,reviewed,uu,uu
2020-04-16T16:09:54.010Z,40.7388333,-112.0658333,7.67,0.48,md,12,99,0.0174,0.07,uu,uu60378917,2020-04-16T18:54:39.480Z,"4km NE of Magna, Utah",earthquake,0.32,0.71,0.055,7,reviewed,uu,uu
2020-04-16T16:09:47.240Z,46.1298333333333,-122.1585,10.14,0.24,ml,11,189,0.06318,0.24,uw,uw61608031,2020-04-16T17:49:02.840Z,"33km NE of Amboy, Washington",earthquake,0.93,1.19,0.0616687160675859,4,reviewed,uw,uw
2020-04-16T16:08:49.270Z,40.725,-112.0628333,9.07,0.56,md,10,95,0.03077,0.11,uu,uu60378912,2020-04-16T18:43:50.640Z,"3km ENE of Magna, Utah",earthquake,0.5,0.83,0.129,5,reviewed,uu,uu
2020-04-16T16:06:29.640Z,17.9475,-66.951,9,2.82,md,13,211,0.0958,0.21,pr,pr2020107012,2020-04-16T19:57:19.040Z,"12km SSW of Guanica, Puerto Rico",earthquake,0.67,1.56,0.33,11,reviewed,pr,pr
2020-04-16T16:06:29.010Z,40.7395,-112.0693333,8.51,0.9,md,13,91,0.01552,0.09,uu,uu60378907,2020-04-16T18:39:11.130Z,"4km NE of Magna, Utah",earthquake,0.3,0.58,0.214,6,reviewed,uu,uu
2020-04-16T16:01:50.770Z,38.059166,-118.7594986,2.68,1.79,md,13,195,0.2776,0.05,nc,nc73371725,2020-04-17T02:10:12.355Z,"28km SE of Bodie, CA",earthquake,1.22,9.17,0.2,8,automatic,nc,nc
2020-04-16T15:57:05.340Z,33.488,-116.4726667,12.28,0.49,ml,19,65,0.08473,0.12,ci,ci37442453,2020-04-17T00:09:04.602Z,"20km ESE of Anza, CA",earthquake,0.23,0.52,0.147,7,reviewed,ci,ci
2020-04-16T15:57:02.940Z,35.6208333,-117.4701667,1.71,1.11,ml,17,90,0.1647,0.13,ci,ci39391680,2020-04-17T04:13:23.978Z,"17km SSW of Searles Valley, CA",earthquake,0.22,0.61,0.208,7,reviewed,ci,ci
2020-04-16T15:56:57.190Z,33.489,-116.473,12.14,0.14,ml,19,65,0.08376,0.12,ci,ci37442461,2020-04-17T00:14:02.575Z,"20km ESE of Anza, CA",earthquake,0.26,0.59,0.123,8,reviewed,ci,ci
2020-04-16T15:44:46.280Z,38.0686684,-118.7758331,2.69,2.35,md,23,124,0.2808,0.08,nc,nc73371720,2020-04-17T02:10:08.671Z,"26km SE of Bodie, CA",earthquake,0.44,9.13,0.26,21,automatic,nc,nc
2020-04-16T15:43:59.160Z,40.7405,-112.0636667,6.46,0.69,md,10,106,0.01705,0.12,uu,uu60378897,2020-04-16T18:33:58.120Z,"4km NE of Magna, Utah",earthquake,0.38,0.96,0.115,4,reviewed,uu,uu
2020-04-16T15:40:47.470Z,40.7351667,-112.059,8,1.29,ml,19,76,0.01939,0.12,uu,uu60378892,2020-04-16T17:25:08.980Z,"4km NE of Magna, Utah",earthquake,0.29,0.59,0.504,3,reviewed,uu,uu
2020-04-16T15:37:42.252Z,39.5346,-118.4265,6.6,1.6,ml,10,190.51,0.327,0.0982,nn,nn00722703,2020-04-17T02:10:03.889Z,"30km ENE of Fallon, Nevada",earthquake,,2.6,0.55,6,reviewed,nn,nn
2020-04-16T15:36:56.980Z,17.9636,-66.9565,9,2.5,md,13,188,0.0879,0.22,pr,pr2020107011,2020-04-16T15:58:04.630Z,"5km W of Guanica, Puerto Rico",earthquake,0.73,0.99,0.24,9,reviewed,pr,pr
2020-04-16T15:33:45.840Z,40.7416667,-112.0721667,9.34,1.17,ml,17,53,0.01267,0.1,uu,uu60378887,2020-04-16T18:09:28.460Z,"4km NE of Magna, Utah",earthquake,0.3,0.59,0.24,3,reviewed,uu,uu
2020-04-16T15:29:28.410Z,47.5101666666667,-120.290333333333,-1.18,1.27,md,9,120,0.09863,0.07,uw,uw61607971,2020-04-16T15:45:51.140Z,"5km NE of Sunnyslope, Washington",quarry blast,0.42,31.61,0.155525190272093,6,reviewed,uw,uw
2020-04-16T15:22:09.030Z,35.6191667,-117.439,7,1.86,ml,36,68,0.1119,0.17,ci,ci39391584,2020-04-16T15:47:55.660Z,"17km S of Searles Valley, CA",earthquake,0.18,0.62,0.097,45,reviewed,ci,ci
2020-04-16T15:20:44.050Z,40.7446667,-112.0795,8.32,0.77,md,14,65,0.008867,0.1,uu,uu60378877,2020-04-16T15:38:20.880Z,"4km NNE of Magna, Utah",earthquake,0.34,0.73,0.351,8,reviewed,uu,uu
2020-04-16T15:19:31.710Z,17.8853,-66.8888,16,2.59,md,10,217,0.1767,0.22,pr,pr2020107009,2020-04-16T15:44:35.887Z,"9km SSE of Guanica, Puerto Rico",earthquake,1.13,1.55,0.19,7,reviewed,pr,pr
2020-04-16T15:18:48.500Z,38.8079987,-122.7753296,1.44,0.55,md,11,110,0.006715,0.02,nc,nc73371710,2020-04-16T15:20:25.932Z,"4km NNW of The Geysers, CA",earthquake,0.41,0.7,,1,automatic,nc,nc
2020-04-16T15:14:18.590Z,40.7363333,-112.0568333,9.28,1.66,ml,31,44,0.01848,0.12,uu,uu60378872,2020-04-17T02:53:43.425Z,"4km NE of Magna, Utah",earthquake,0.25,0.36,0.193,5,reviewed,uu,uu
2020-04-16T15:13:40.810Z,35.7686667,-117.5831667,6.71,1.14,ml,16,129,0.0484,0.14,ci,ci39391568,2020-04-16T15:24:47.100Z,"16km W of Searles Valley, CA",earthquake,0.33,0.67,0.218,16,automatic,ci,ci
2020-04-16T15:13:06.050Z,-37.9702,-73.8016,13.7,5.1,mww,,71,1.313,1.04,us,us70008xkv,2020-04-16T17:59:49.973Z,"40km WSW of Canete, Chile",earthquake,5.3,2.8,0.062,25,reviewed,us,us
2020-04-16T15:11:19.316Z,63.599,-150.7676,12.9,0.7,ml,,,,0.57,ak,ak0204x7i1a3,2020-04-16T15:14:47.165Z,"93km WSW of Healy, Alaska",earthquake,,0.2,,,automatic,ak,ak
2020-04-16T15:09:32.106Z,44.2951,-115.2208,11.99,2.3,ml,,66,0.239,0.79,us,us70008xvh,2020-04-16T23:12:45.142Z,"69km ESE of Cascade, Idaho",earthquake,1.7,9.3,0.052,48,reviewed,us,us
2020-04-16T14:55:56.320Z,17.906,-66.753,4,2.65,md,17,236,0.2006,0.25,pr,pr2020107008,2020-04-16T15:31:54.774Z,"10km SSW of Tallaboa, Puerto Rico",earthquake,0.75,0.51,0.19,12,reviewed,pr,pr
2020-04-16T14:46:31.837Z,63.5057,-148.7782,13.4,0.8,ml,,,,0.44,ak,ak0204x744pb,2020-04-16T14:49:02.320Z,"15km NE of Cantwell, Alaska",earthquake,,0.3,,,automatic,ak,ak
2020-04-16T14:42:58.590Z,52.0426667,-176.1378333,1.74,0.61,ml,6,127,0.01336,0.17,av,av70886799,2020-04-17T02:28:41.230Z,"40km ENE of Adak, Alaska",earthquake,0.36,0.93,0.183,6,reviewed,av,av
